[2022-10-04 19:26:15.529] [DISPLAY] [Main ] [main] Working directory: C:\Program Files\Rockstar Games\Launcher
[2022-10-04 19:26:15.546] [DISPLAY] [Main ] [minmode] Starting up normally.
[2022-10-04 19:26:15.546] [DISPLAY] [Main ] [launcher] Opening log file.
[2022-10-04 19:26:15.547] [DISPLAY] [Main ] [main] Command line: "C:\Program Files\Rockstar Games\Launcher\Launcher.exe" 
[2022-10-04 19:26:15.547] [DISPLAY] [Main ] [main] Build type: FMB
[2022-10-04 19:26:15.547] [DISPLAY] [Main ] [main] Version: 1.0.64.990
[2022-10-04 19:26:15.547] [DISPLAY] [Main ] [main] Parameters:
[2022-10-04 19:26:15.547] [DISPLAY] [Main ] [main]     C:\Program Files\Rockstar Games\Launcher\Launcher.exe
[2022-10-04 19:26:15.564] [DISPLAY] [Main ] [titlemanager] Could not get title list cache from disk; no titles known to be installed.
[2022-10-04 19:26:15.564] [WARNING] [Main ] [titlemanager] MTL install location not set, using exe location: C:\Program Files\Rockstar Games\Launcher
[2022-10-04 19:26:15.564] [DISPLAY] [Main ] [preqmanager] Could not get preq list from disk; no preqs known to be installed.
[2022-10-04 19:26:15.565] [DISPLAY] [Main ] [fileutils] Unable to get file version info size for C:\Program Files\Rockstar Games\Social Club\socialclub.dll
[2022-10-04 19:26:15.565] [WARNING] [Main ] [settingsmanager] Couldn't read settings file C:\Users\gabri\AppData\Local\Rockstar Games\Launcher\settings_user.dat; using defaults.
[2022-10-04 19:26:15.565] [WARNING] [Main ] [settingsmanager] Couldn't read settings file C:\ProgramData\Rockstar Games\Launcher\settings_machine.dat; using defaults.
[2022-10-04 19:26:15.565] [DISPLAY] [Main ] [settingsmanager] No user language setting, defaulting to 'pt-PT'
[2022-10-04 19:26:15.565] [DISPLAY] [Main ] [svc] Service version: 1.0.64.990 (1.0.64.990)
[2022-10-04 19:26:15.673] [DISPLAY] [Main ] [main] Current environment (prod) different to previous launch (); updating environment setting
[2022-10-04 19:26:15.675] [DISPLAY] [Main ] [fileutils] Unable to get file version info size for C:\Program Files\Rockstar Games\Social Club\socialclub.dll
[2022-10-04 19:26:15.675] [DISPLAY] [Main ] [fileutils] Version: 0.0.0.0 | 1.0.64.990 | FFP
[2022-10-04 19:26:16.583] [DISPLAY] [ 5672] [svc] Received response from service.
[2022-10-04 19:26:16.655] [DISPLAY] [14124] [title] Current version for title [pv] Launcher : 1.0.64.990
[2022-10-04 19:26:16.901] [DISPLAY] [Main ] [systemtray] System tray: enabled
[2022-10-04 19:26:16.910] [DISPLAY] [Workr] [idownloader] Starting download of 'https://gamedownloads-rockstargames-com.akamaized.net/public/launcher_online_config.xml'
[2022-10-04 19:26:17.094] [DISPLAY] [Workr] [idownloader] Completed download of 'https://gamedownloads-rockstargames-com.akamaized.net/public/launcher_online_config.xml' (status: 0/200)
[2022-10-04 19:26:17.094] [DISPLAY] [Workr] [titlemanager] Downloading title list...
[2022-10-04 19:26:17.109] [DISPLAY] [Workr] [idownloader] Starting download of 'https://gamedownloads-rockstargames-com.akamaized.net/public/title_metadata.json'
[2022-10-04 19:26:17.222] [DISPLAY] [Workr] [idownloader] Completed download of 'https://gamedownloads-rockstargames-com.akamaized.net/public/title_metadata.json' (status: 0/200)
[2022-10-04 19:26:17.295] [DISPLAY] [Workr] [titlemanager] Downloading default title list (SCS)...
[2022-10-04 19:26:17.295] [DISPLAY] [Workr] [idownloader] Starting download of 'https://rgl-prod.ros.rockstargames.com/launcher/11/LauncherServices/App.asmx/GetDefaultApps?accessToken='
[2022-10-04 19:26:18.891] [DISPLAY] [Workr] [idownloader] Completed download of 'https://rgl-prod.ros.rockstargames.com/launcher/11/LauncherServices/App.asmx/GetDefaultApps?accessToken=' (status: 0/200)
[2022-10-04 19:26:18.891] [DISPLAY] [Workr] [titlemanager] Title list updated.
[2022-10-04 19:26:18.891] [DISPLAY] [Workr] [launcher] Checking for self-update...
[2022-10-04 19:26:18.896] [DISPLAY] [Workr] [idownloader] Starting download of 'https://rgl-prod.ros.rockstargames.com/launcher/11/LauncherServices/App.asmx/GetBuildManifestFullNoAuth?branchAccessToken=BRANCHACCESS token="3Vx8TUViKOHnLS9tLpmipUb2kqCcAHfToXklsBS2QPVOpg4FFFKLeBAcjjVB9Ag5lxyXbAjq0BWFZ/NN79eP/Q==",signature="O9xh37HlK7DAHq5AJ2qri2nJ7+n4NEvkmPBoXesN9bo="'
[2022-10-04 19:26:20.425] [DISPLAY] [Workr] [idownloader] Completed download of 'https://rgl-prod.ros.rockstargames.com/launcher/11/LauncherServices/App.asmx/GetBuildManifestFullNoAuth?branchAccessToken=BRANCHACCESS token="3Vx8TUViKOHnLS9tLpmipUb2kqCcAHfToXklsBS2QPVOpg4FFFKLeBAcjjVB9Ag5lxyXbAjq0BWFZ/NN79eP/Q==",signature="O9xh37HlK7DAHq5AJ2qri2nJ7+n4NEvkmPBoXesN9bo="' (status: 0/200)
[2022-10-04 19:26:20.428] [DISPLAY] [Workr] [statuschecker] Title Rockstar Games Launcher: 0.0 KB / 228.96 MB
[2022-10-04 19:26:20.428] [DISPLAY] [Workr] [selfupdate] Updating launcher...
[2022-10-04 19:26:22.530] [DISPLAY] [Admin] [idownloader] Starting download of 'https://rgl-prod.ros.rockstargames.com/launcher/11/LauncherServices/App.asmx/RetrieveFileChunkNoAuthMulti'
[2022-10-04 19:26:23.921] [DISPLAY] [Admin] [idownloader] Completed download of 'https://rgl-prod.ros.rockstargames.com/launcher/11/LauncherServices/App.asmx/RetrieveFileChunkNoAuthMulti' (status: 0/200)
[2022-10-04 19:26:32.448] [DISPLAY] [10488] [diag] DxDiag info:


------------------
System Information
------------------
      Time of this report: 10/4/2022, 19:26:17
             Machine name: LAPTOP-6HHFS1HO
               Machine Id: {B1523F7C-4511-4913-BB3D-0865258F2E62}
         Operating System: Windows 11 Home Single Language 64-bit (10.0, Build 22000) (22000.co_release.210604-1628)
                 Language: Portuguese (Regional Setting: Portuguese)
      System Manufacturer: Acer
             System Model: Aspire A514-54
                     BIOS: V1.26 (type: UEFI)
                Processor: 11th Gen Intel(R) Core(TM) i5-1135G7 @ 2.40GHz (8 CPUs), ~2.4GHz
                   Memory: 8192MB RAM
      Available OS Memory: 7972MB RAM
                Page File: 6293MB used, 4622MB available
              Windows Dir: C:\WINDOWS
          DirectX Version: DirectX 12
      DX Setup Parameters: Not found
         User DPI Setting: 144 DPI (150 percent)
       System DPI Setting: 144 DPI (150 percent)
          DWM DPI Scaling: UnKnown
                 Miracast: Available, with HDCP
Microsoft Graphics Hybrid: Not Supported
 DirectX Database Version: 1.2.2
           DxDiag Version: 10.00.22000.0653 64bit Unicode

------------
DxDiag Notes
------------
      Display Tab 1: No problems found.
        Sound Tab 1: No problems found.
          Input Tab: No problems found.

--------------------
DirectX Debug Levels
--------------------
Direct3D:    0/4 (retail)
DirectDraw:  0/4 (retail)
DirectInput: 0/5 (retail)
DirectMusic: 0/5 (retail)
DirectPlay:  0/9 (retail)
DirectSound: 0/5 (retail)
DirectShow:  0/6 (retail)

---------------
Display Devices
---------------
           Card name: Intel(R) Iris(R) Xe Graphics
        Manufacturer: Intel Corporation
           Chip type: Intel(R) Iris(R) Xe Graphics Family
            DAC type: Internal
         Device Type: Full Device (POST)
          Device Key: Enum\PCI\VEN_8086&DEV_9A49&SUBSYS_14681025&REV_01
       Device Status: 0180200A [DN_DRIVER_LOADED|DN_STARTED|DN_DISABLEABLE|DN_NT_ENUMERATOR|DN_NT_DRIVER] 
 Device Problem Code: No Problem
 Driver Problem Code: Unknown
      Display Memory: 4113 MB
    Dedicated Memory: 128 MB
       Shared Memory: 3985 MB
        Current Mode: 1920 x 1080 (32 bit) (60Hz)
         HDR Support: Not Supported
    Display Topology: Internal
 Display Color Space: DXGI_COLOR_SPACE_RGB_FULL_G22_NONE_P709
     Color Primaries: Red(0.639648,0.330078), Green(0.299805,0.599609), Blue(0.149414,0.059570), White Point(0.312500,0.329102)
   Display Luminance: Min Luminance = 0.500000, Max Luminance = 270.000000, MaxFullFrameLuminance = 270.000000
        Monitor Name: Generic PnP Monitor
       Monitor Model: unknown
          Monitor Id: LGD0599
         Native Mode: 1920 x 1080(p) (60.020Hz)
         Output Type: Internal
Monitor Capabilities: HDR Not Supported
Display Pixel Format: DISPLAYCONFIG_PIXELFORMAT_32BPP
      Advanced Color: Not Supported
         Driver Name: C:\WINDOWS\System32\DriverStore\FileRepository\iigd_dch.inf_amd64_38b23bd92a6775fe\igdumdim64.dll,C:\WINDOWS\System32\DriverStore\FileRepository\iigd_dch.inf_amd64_38b23bd92a6775fe\igd10iumd64.dll,C:\WINDOWS\System32\DriverStore\FileRepository\iigd_dch.inf_amd64_38b23bd92a6775fe\igd10iumd64.dll,C:\WINDOWS\System32\DriverStore\FileRepository\iigd_dch.inf_amd64_38b23bd92a6775fe\igd12umd64.dll
 Driver File Version: 30.00.0101.1404 (English)
      Driver Version: 30.0.101.1404
         DDI Version: 12
      Feature Levels: 12_1,12_0,11_1,11_0,10_1,10_0,9_3,9_2,9_1
        Driver Model: WDDM 3.0
 Hardware Scheduling: DriverSupportState:AlwaysOff Enabled:False 
 Graphics Preemption: Primitive
  Compute Preemption: Thread group
            Miracast: Not Supported by Graphics driver
      Detachable GPU: No
 Hybrid Graphics GPU: Integrated
      Power P-states: Not Supported
      Virtualization: Paravirtualization 
          Block List: DISABLE_HWSCH
  Catalog Attributes: Universal:False Declarative:True 
   Driver Attributes: Final Retail



    Driver Date/Size: 17/02/2022 21:00:00, 1750800 bytes
         WHQL Logo'd: Yes
     WHQL Date Stamp: Unknown
   Device Identifier: {D7B78E66-D909-11CF-E976-0D34AEC2D335}
           Vendor ID: 0x8086
           Device ID: 0x9A49
           SubSys ID: 0x14681025
         Revision ID: 0x0001
  Driver Strong Name: oem134.inf:5f63e5348b96c4a0:iTGLD_w10_DS:30.0.101.1404:PCI\VEN_8086&DEV_9A49&SUBSYS_14681025
      Rank Of Driver: 00CF0001
         Video Accel: ModeMPEG2_A ModeMPEG2_C ModeWMV9_C ModeVC1_C 
         DXVA2 Modes: DXVA2_ModeMPEG2_VLD  DXVA2_ModeMPEG2_IDCT  DXVA2_ModeVC1_D2010  {E07EC519-E651-4CD6-AC84-1370CCEEC851}  {BCC5DB6D-A2B6-4AF0-ACE4-ADB1F787BC89}  DXVA2_ModeWMV9_IDCT  DXVA2_ModeVC1_IDCT  DXVA2_ModeH264_VLD_NoFGT  DXVA2_ModeH264_VLD_Stereo_Progressive_NoFGT  DXVA2_ModeH264_VLD_Stereo_NoFGT  DXVA2_ModeH264_VLD_Multiview_NoFGT  {C528916C-C0AF-4645-8CB2-372B6D4ADC2A}  {91CD2D6E-897B-4FA1-B0D7-51DC88010E0A}  {97688186-56A8-4094-B543-FC9DAAA49F4B}  {1424D4DC-7CF5-4BB1-9CD7-B63717A72A6B}  {C346E8A3-CBED-4D27-87CC-A70EB4DC8C27}  {FFC79924-5EAF-4666-A736-06190F281443}  {464BDB3C-91C4-4E9B-896F-225496AC4ED6}  {9B31316B-F204-455D-8A8C-9345DCA77C01}  {AFE4285C-AB63-4B2D-8278-E6BAACEA2CE9}  {277DE9C5-ED83-48DD-AB8F-AC2D24B22943}  {04C5BA10-4E9A-4B8E-8DBF-4F4B48AFA27C}  {0ACEF8BC-285F-415D-AB22-7BF2527A3D2E}  {24D19FCA-C5A2-4B8E-9F93-F8F6EF15C890}  {353ACA91-D945-4C13-AE7E-469060FAC8D8}  {28566328-F041-4466-8B14-8F5831E78F8B}  {6B4A94DB-54FE-4AE1-9BE4-7A7DAD004600}  {B8B28E0C-ECAB-4217-8C82-EAAA9755AAF0}  {8732ECFD-9747-4897-B42A-E534F9FF2B7A}  {E139B5CA-47B2-40E1-AF1C-AD71A67A1836}  {056A6E36-F3A8-4D00-9663-7E9430358BF9}  {5415A68C-231E-46F4-878B-5E9A22E967E9}  {161BE912-44C2-49C0-B61E-D946852B32A1}  {D6D6BC4F-D51A-4712-97E8-750917C860FD}  {7FEF652D-3233-44DF-ACF7-ECFB584DAB35}  {87B2AE39-C9A5-4C53-86B8-A52D7EDBA488}  {10E19AC8-BF39-4443-BEC3-1B0CBFE4C7AA}  {2DEC00C7-21EE-4BF8-8F0E-773F11F126A2}  {C35153A0-23C0-4A81-B3BB-6A1326F2B76B}  {A33FD0EC-A9D3-4C21-9276-C241CC90F6C7}  {310E59D2-7EA4-47BB-B319-500E78855336}  {8C56EB1E-2B47-466F-8D33-7DBCD63F3DF2}  DXVA2_ModeHEVC_VLD_Main  {75FC75F7-C589-4A07-A25B-72E03B0383B3}  DXVA2_ModeHEVC_VLD_Main10  {E484DCB8-CAC9-4859-99F5-5C0D45069089}  {41A5AF96-E415-4B0C-9D03-907858E23E78}  {6A6A81BA-912A-485D-B57F-CCD2D37B8D94}  {E4E3CF5B-97D2-4658-AACB-366E3EE2CEEE}  {FD9D9559-0FD3-4917-A9A7-07E714EE9EF9}  {0E4BC693-5D2C-4936-B125-AEFE32B16D8A}  {2F08B5B1-DBC2-4D48-883A-4E7B8174CFF6}  {5467807A-295D-445D-BD2E-CBA8C2457C3D}  {AE0D4E15-2360-40A8-BF82-028E6A0DD827}  {8FF8A3AA-C456-4132-B6EF-69D9DD72571D}  {C23DD857-874B-423C-B6E0-82CEAA9B118A}  {5B08E35D-0C66-4C51-A6F1-89D00CB2C197}  {07CFAFFB-5A2E-4B99-B62A-E4CA53B6D5AA}  DXVA2_ModeVP9_VLD_Profile0  DXVA2_ModeVP9_VLD_10bit_Profile2  {76988A52-DF13-419A-8E64-FFCF4A336CF5}  {68A21C7B-D58F-4E74-9993-E4B8172B19A0}  {80A3A7BD-89D8-4497-A2B8-2126AF7E6EB8}  {1D5C4D76-B55A-4430-904C-3383A7AE3B16}  {A7F759DD-5F54-4D7F-8291-42E883C546FE}  {F34FA92F-DC79-474C-B0DB-B7BD4522DF77}  {B8BE4CCB-CF53-46BA-8D59-D6B8A6DA5D2A}  {CA44AFC5-E1D0-42E6-9154-B127186D4D40}  {F9A16190-3FB4-4DC5-9846-C8751F83D6D7}  {50925B7B-E931-4978-A12A-586630F095F9}  {B69C20E0-2508-8790-0305-875499E0A2D0}  {49761BEC-4B63-4349-A5FF-87FFDF088466}  
   Deinterlace Caps: {BF752EF6-8CC4-457A-BE1B-08BD1CAEEE9F}: Format(In/Out)=(YUY2,YUY2) Frames(Prev/Fwd/Back)=(0,0,1) Caps=VideoProcess_YUV2RGB VideoProcess_StretchX VideoProcess_StretchY VideoProcess_AlphaBlend DeinterlaceTech_EdgeFiltering 
                     {335AA36E-7884-43A4-9C91-7F87FAF3E37E}: Format(In/Out)=(YUY2,YUY2) Frames(Prev/Fwd/Back)=(0,0,0) Caps=VideoProcess_YUV2RGB VideoProcess_StretchX VideoProcess_StretchY VideoProcess_AlphaBlend DeinterlaceTech_BOBVerticalStretch 
                     {5A54A0C9-C7EC-4BD9-8EDE-F3C75DC4393B}: Format(In/Out)=(YUY2,YUY2) Frames(Prev/Fwd/Back)=(0,0,0) Caps=VideoProcess_YUV2RGB VideoProcess_StretchX VideoProcess_StretchY VideoProcess_AlphaBlend 



                     {BF752EF6-8CC4-457A-BE1B-08BD1CAEEE9F}: Format(In/Out)=(UYVY,YUY2) Frames(Prev/Fwd/Back)=(0,0,1) Caps=VideoProcess_YUV2RGB VideoProcess_StretchX VideoProcess_StretchY VideoProcess_AlphaBlend DeinterlaceTech_EdgeFiltering 
                     {335AA36E-7884-43A4-9C91-7F87FAF3E37E}: Format(In/Out)=(UYVY,YUY2) Frames(Prev/Fwd/Back)=(0,0,0) Caps=VideoProcess_YUV2RGB VideoProcess_StretchX VideoProcess_StretchY VideoProcess_AlphaBlend DeinterlaceTech_BOBVerticalStretch 
                     {5A54A0C9-C7EC-4BD9-8EDE-F3C75DC4393B}: Format(In/Out)=(UYVY,YUY2) Frames(Prev/Fwd/Back)=(0,0,0) Caps=VideoProcess_YUV2RGB VideoProcess_StretchX VideoProcess_StretchY VideoProcess_AlphaBlend 
                     {BF752EF6-8CC4-457A-BE1B-08BD1CAEEE9F}: Format(In/Out)=(YV12,YUY2) Frames(Prev/Fwd/Back)=(0,0,1) Caps=VideoProcess_YUV2RGB VideoProcess_StretchX VideoProcess_StretchY VideoProcess_AlphaBlend DeinterlaceTech_EdgeFiltering 
                     {335AA36E-7884-43A4-9C91-7F87FAF3E37E}: Format(In/Out)=(YV12,YUY2) Frames(Prev/Fwd/Back)=(0,0,0) Caps=VideoProcess_YUV2RGB VideoProcess_StretchX VideoProcess_StretchY VideoProcess_AlphaBlend DeinterlaceTech_BOBVerticalStretch 
                     {5A54A0C9-C7EC-4BD9-8EDE-F3C75DC4393B}: Format(In/Out)=(YV12,YUY2) Frames(Prev/Fwd/Back)=(0,0,0) Caps=VideoProcess_YUV2RGB VideoProcess_StretchX VideoProcess_StretchY VideoProcess_AlphaBlend 
                     {BF752EF6-8CC4-457A-BE1B-08BD1CAEEE9F}: Format(In/Out)=(NV12,YUY2) Frames(Prev/Fwd/Back)=(0,0,1) Caps=VideoProcess_YUV2RGB VideoProcess_StretchX VideoProcess_StretchY VideoProcess_AlphaBlend DeinterlaceTech_EdgeFiltering 
                     {335AA36E-7884-43A4-9C91-7F87FAF3E37E}: Format(In/Out)=(NV12,YUY2) Frames(Prev/Fwd/Back)=(0,0,0) Caps=VideoProcess_YUV2RGB VideoProcess_StretchX VideoProcess_StretchY VideoProcess_AlphaBlend DeinterlaceTech_BOBVerticalStretch 
                     {5A54A0C9-C7EC-4BD9-8EDE-F3C75DC4393B}: Format(In/Out)=(NV12,YUY2) Frames(Prev/Fwd/Back)=(0,0,0) Caps=VideoProcess_YUV2RGB VideoProcess_StretchX VideoProcess_StretchY VideoProcess_AlphaBlend 
                     {BF752EF6-8CC4-457A-BE1B-08BD1CAEEE9F}: Format(In/Out)=(IMC1,YUY2) Frames(Prev/Fwd/Back)=(0,0,1) Caps=VideoProcess_YUV2RGB VideoProcess_StretchX VideoProcess_StretchY VideoProcess_AlphaBlend DeinterlaceTech_EdgeFiltering 
                     {335AA36E-7884-43A4-9C91-7F87FAF3E37E}: Format(In/Out)=(IMC1,YUY2) Frames(Prev/Fwd/Back)=(0,0,0) Caps=VideoProcess_YUV2RGB VideoProcess_StretchX VideoProcess_StretchY VideoProcess_AlphaBlend DeinterlaceTech_BOBVerticalStretch 
                     {5A54A0C9-C7EC-4BD9-8EDE-F3C75DC4393B}: Format(In/Out)=(IMC1,YUY2) Frames(Prev/Fwd/Back)=(0,0,0) Caps=VideoProcess_YUV2RGB VideoProcess_StretchX VideoProcess_StretchY VideoProcess_AlphaBlend 
                     {BF752EF6-8CC4-457A-BE1B-08BD1CAEEE9F}: Format(In/Out)=(IMC2,YUY2) Frames(Prev/Fwd/Back)=(0,0,1) Caps=VideoProcess_YUV2RGB VideoProcess_StretchX VideoProcess_StretchY VideoProcess_AlphaBlend DeinterlaceTech_EdgeFiltering 
                     {335AA36E-7884-43A4-9C91-7F87FAF3E37E}: Format(In/Out)=(IMC2,YUY2) Frames(Prev/Fwd/Back)=(0,0,0) Caps=VideoProcess_YUV2RGB VideoProcess_StretchX VideoProcess_StretchY VideoProcess_AlphaBlend DeinterlaceTech_BOBVerticalStretch 
                     {5A54A0C9-C7EC-4BD9-8EDE-F3C75DC4393B}: Format(In/Out)=(IMC2,YUY2) Frames(Prev/Fwd/Back)=(0,0,0) Caps=VideoProcess_YUV2RGB VideoProcess_StretchX VideoProcess_StretchY VideoProcess_AlphaBlend 
                     {BF752EF6-8CC4-457A-BE1B-08BD1CAEEE9F}: Format(In/Out)=(IMC3,YUY2) Frames(Prev/Fwd/Back)=(0,0,1) Caps=VideoProcess_YUV2RGB VideoProcess_StretchX VideoProcess_StretchY VideoProcess_AlphaBlend DeinterlaceTech_EdgeFiltering 
                     {335AA36E-7884-43A4-9C91-7F87FAF3E37E}: Format(In/Out)=(IMC3,YUY2) Frames(Prev/Fwd/Back)=(0,0,0) Caps=VideoProcess_YUV2RGB VideoProcess_StretchX VideoProcess_StretchY VideoProcess_AlphaBlend DeinterlaceTech_BOBVerticalStretch 



                     {5A54A0C9-C7EC-4BD9-8EDE-F3C75DC4393B}: Format(In/Out)=(IMC3,YUY2) Frames(Prev/Fwd/Back)=(0,0,0) Caps=VideoProcess_YUV2RGB VideoProcess_StretchX VideoProcess_StretchY VideoProcess_AlphaBlend 
                     {BF752EF6-8CC4-457A-BE1B-08BD1CAEEE9F}: Format(In/Out)=(IMC4,YUY2) Frames(Prev/Fwd/Back)=(0,0,1) Caps=VideoProcess_YUV2RGB VideoProcess_StretchX VideoProcess_StretchY VideoProcess_AlphaBlend DeinterlaceTech_EdgeFiltering 
                     {335AA36E-7884-43A4-9C91-7F87FAF3E37E}: Format(In/Out)=(IMC4,YUY2) Frames(Prev/Fwd/Back)=(0,0,0) Caps=VideoProcess_YUV2RGB VideoProcess_StretchX VideoProcess_StretchY VideoProcess_AlphaBlend DeinterlaceTech_BOBVerticalStretch 
                     {5A54A0C9-C7EC-4BD9-8EDE-F3C75DC4393B}: Format(In/Out)=(IMC4,YUY2) Frames(Prev/Fwd/Back)=(0,0,0) Caps=VideoProcess_YUV2RGB VideoProcess_StretchX VideoProcess_StretchY VideoProcess_AlphaBlend 
        D3D9 Overlay: Supported
             DXVA-HD: Supported
        DDraw Status: Enabled
          D3D Status: Enabled
          AGP Status: Enabled
       MPO MaxPlanes: 3
            MPO Caps: ROTATION,HORIZONTAL_FLIP,RGB,YUV,BILINEAR,HIGH_FILTER,STRETCH_YUV,STRETCH_RGB,IMMEDIATE,HDR (MPO3)
         MPO Stretch: 21.000X - 0.334X
     MPO Media Hints: colorspace Conversion 
         MPO Formats: NV12,YUY2,R16G16B16A16_FLOAT,R10G10B10A2_UNORM,R8G8B8A8_UNORM,B8G8R8A8_UNORM
    PanelFitter Caps: ROTATION,HORIZONTAL_FLIP,RGB,YUV,BILINEAR,HIGH_FILTER,STRETCH_YUV,STRETCH_RGB,IMMEDIATE,HDR (MPO3)
 PanelFitter Stretch: 21.000X - 0.334X
   Extension Drivers: 
             Driver Name: C:\WINDOWS\System32\DriverStore\FileRepository\iigd_ext.inf_amd64_c530230af0308df6\iigd_ext.inf
          Driver Version: 30.0.101.1404
             Driver Date: 02/18/2022
         Driver Provider: Intel Corporation
      Catalog Attributes: Universal:False Declarative:True 
   Component Drivers: 
             Driver Name: Unknown
          Driver Version: Unknown
             Driver Date: Unknown
         Driver Provider: Unknown
      Catalog Attributes: N/A
             Driver Name: Unknown
          Driver Version: Unknown
             Driver Date: Unknown
         Driver Provider: Unknown
      Catalog Attributes: N/A

-------------
Sound Devices
-------------
            Description: Alto-falantes (Realtek(R) Audio)
 Default Sound Playback: Yes
 Default Voice Playback: Yes
            Hardware ID: INTELAUDIO\FUNC_01&VEN_10EC&DEV_0255&SUBSYS_1025146A&REV_1000
        Manufacturer ID: N/A
             Product ID: N/A
                   Type: N/A
            Driver Name: RTKVHD64.sys
         Driver Version: 6.0.9049.1 (English)
      Driver Attributes: Final Retail
            WHQL Logo'd: Yes
          Date and Size: 19/10/2020 21:00:00, 5936224 bytes
            Other Files: 
        Driver Provider: Realtek Semiconductor Corp.
         HW Accel Level: Emulation Only
              Cap Flags: 0xF1F
    Min/Max Sample Rate: 100, 200000
Static/Strm HW Mix Bufs: 1, 0
 Static/Strm HW 3D Bufs: 0, 0
              HW Memory: 0
       Voice Management: No
 EAX(tm) 2.0 Listen/Src: No, No
   I3DL2(tm) Listen/Src: No, No
Sensaura(tm) ZoomFX(tm): No

---------------------
Sound Capture Devices
---------------------
            Description: Grupo de microfones (Tecnologia Intel® Smart Sound para microfones digitais)
  Default Sound Capture: Yes
  Default Voice Capture: Yes
            Driver Name: IntcDMic.sys
         Driver Version: 10.29.0.7082 (English)
      Driver Attributes: Final Retail
          Date and Size: 19/01/2022 21:00:00, 745536 bytes
              Cap Flags: 0x1
           Format Flags: 0xFFFFF

---------------------
Video Capture Devices
Number of Devices: 1
---------------------
           FriendlyName: HD User Facing
               Category: Camera
           SymbolicLink: \\?\usb#vid_0408&pid_a061&mi_00#6&361d3713&0&0000#{e5323777-f976-4f5b-9b55-b94699c46e44}\global
               Location: Front
               Rotation: 0



      SensorOrientation: 0
           Manufacturer: Microsoft
             HardwareID: USB\VID_0408&PID_A061&REV_0004&MI_00,USB\VID_0408&PID_A061&MI_00
             DriverDesc: USB Video Device
         DriverProvider: Microsoft
          DriverVersion: 10.0.22000.708
      DriverDateEnglish: 6/21/2006 00:00:00
    DriverDateLocalized: 21/06/2006 00:00:00
                Service: usbvideo
                  Class: Camera
          DevNodeStatus: 180200A[DN_DRIVER_LOADED|DN_STARTED|DN_DISABLEABLE|DN_NT_ENUMERATOR|DN_NT_DRIVER]
            ContainerId: {00000000-0000-0000-FFFF-FFFFFFFFFFFF}
            ProblemCode: No Problem
  BusReportedDeviceDesc: HD User Facing
                 Parent: USB\VID_0408&PID_A061\5&2d64e498&0&8
      DriverProblemDesc: n/a
           UpperFilters: n/a
           LowerFilters: WdmCompanionFilter
                  Stack: \FileSystem\aswSnx,\Driver\ksthunk,\Driver\usbvideo,\Driver\ACPI,\Driver\usbccgp
      ContainerCategory: n/a
          SensorGroupID: {59840867-9F41-4A1B-CDDA-3EC5A6C69C5C}
                   MFT0: n/a
                   DMFT: n/a
    CustomCaptureSource: n/a
  DependentStillCapture: False
     EnablePlatformDMFT: True
              DMFTChain: n/a
 EnableDshowRedirection: True
     FrameServerEnabled: n/a
        AnalogProviders: n/a
         MSXUCapability: n/a
             ProfileIDs: n/a

-------------------
DirectInput Devices
-------------------
      Device Name: Mouse
         Attached: 1
    Controller ID: n/a
Vendor/Product ID: n/a
        FF Driver: n/a

      Device Name: Teclado
         Attached: 1
    Controller ID: n/a
Vendor/Product ID: n/a
        FF Driver: n/a

      Device Name: GoTrustID FIDO HID Device
         Attached: 1
    Controller ID: 0x0
Vendor/Product ID: 0xDEED, 0xFEED
        FF Driver: n/a

      Device Name: Intel(R) HID Event Filter
         Attached: 1
    Controller ID: 0x0
Vendor/Product ID: 0x8087, 0x0A1E
        FF Driver: n/a

      Device Name: HIDI2C Device
         Attached: 1
    Controller ID: 0x0
Vendor/Product ID: 0x06CB, 0xCD40
        FF Driver: n/a

      Device Name: HIDI2C Device
         Attached: 1
    Controller ID: 0x0
Vendor/Product ID: 0x06CB, 0xCD40
        FF Driver: n/a

      Device Name: Dispositivo de Controle de Dispositivo Portátil Convertido
         Attached: 1
    Controller ID: 0x0
Vendor/Product ID: 0x045E, 0x0000
        FF Driver: n/a

      Device Name: Dispositivo de Controle de Dispositivo Portátil Convertido
         Attached: 1
    Controller ID: 0x0
Vendor/Product ID: 0x045E, 0x0000
        FF Driver: n/a

      Device Name: Acer Airplane Mode Controller
         Attached: 1
    Controller ID: 0x0
Vendor/Product ID: 0xDEED, 0xFEED
        FF Driver: n/a

Poll w/ Interrupt: No

-----------
USB Devices
-----------

----------------
Gameport Devices
----------------

------------
PS/2 Devices
------------
+ Teclado Padrão PS/2
| Matching Device ID: *PNP0303
| Service: i8042prt
| Driver: i8042prt.sys, 5/11/2022 00:24:26, 155648 bytes
| Driver: kbdclass.sys, 5/11/2022 00:24:26, 91488 bytes
| 
+ Dispositivo de teclado HID
| Vendor/Product ID: 0x045E, 0x0000
| Matching Device ID: HID_DEVICE_SYSTEM_KEYBOARD
| Service: kbdhid
| Driver: kbdhid.sys, 5/11/2022 00:24:26, 69632 bytes
| Driver: kbdclass.sys, 5/11/2022 00:24:26, 91488 bytes
| 
+ Mouse compatível com HID
| Vendor/Product ID: 0x06CB, 0x0000
| Matching Device ID: HID_DEVICE_SYSTEM_MOUSE
| Service: mouhid
| Driver: mouhid.sys, 5/11/2022 00:24:26, 65536 bytes
| Driver: mouclass.sys, 5/11/2022 00:24:26, 91488 bytes

------------------------
Disk & DVD/CD-ROM Drives
------------------------
      Drive: C:
 Free Space: 160.7 GB
Total Space: 243.1 GB
File System: NTFS
      Model: NVMe IM2P33F8ABR1-256GB

--------------
System Devices
--------------
     Name: Intel(R) Serial IO I2C Host Controller - A0EB
Device ID: PCI\VEN_8086&DEV_A0EB&SUBSYS_14681025&REV_20\3&11583659&0&AB



   Driver: C:\WINDOWS\System32\DriverStore\FileRepository\ialpss2_i2c_tgl.inf_amd64_ab87bf17a571e523\iaLPSS2_I2C_TGL.sys, 30.100.2031.0002 (English), 8/12/2020 12:37:34, 197272 bytes

     Name: Intel(R) Serial IO I2C Host Controller - A0C5
Device ID: PCI\VEN_8086&DEV_A0C5&SUBSYS_14681025&REV_20\3&11583659&0&C8
   Driver: C:\WINDOWS\System32\DriverStore\FileRepository\ialpss2_i2c_tgl.inf_amd64_ab87bf17a571e523\iaLPSS2_I2C_TGL.sys, 30.100.2031.0002 (English), 8/12/2020 12:37:34, 197272 bytes

     Name: Intel(R) SMBus - A0A3
Device ID: PCI\VEN_8086&DEV_A0A3&SUBSYS_14681025&REV_20\3&11583659&0&FC
   Driver: n/a

     Name: Intel(R) GNA Scoring Accelerator module
Device ID: PCI\VEN_8086&DEV_9A11&SUBSYS_14681025&REV_01\3&11583659&0&40
   Driver: C:\WINDOWS\System32\DriverStore\FileRepository\gna.inf_amd64_689d3d5fefeef458\gna.sys, 10.64.0002.19041 (English), 11/6/2020 01:37:58, 84880 bytes

     Name: Intel RST VMD Controller 9A0B
Device ID: PCI\VEN_8086&DEV_9A0B&SUBSYS_14681025&REV_00\3&11583659&0&70
   Driver: C:\WINDOWS\system32\DRIVERS\iaStorVD.sys, 18.06.0001.1016 (English), 8/26/2021 09:46:56, 1544912 bytes
   Driver: C:\WINDOWS\system32\DRIVERS\iaStorAfs.sys, 18.06.0001.1016 (English), 8/26/2021 09:46:46, 74448 bytes
   Driver: C:\WINDOWS\system32\iaStorAfsService.exe, 18.06.0001.1016 (English), 8/26/2021 09:46:50, 3160784 bytes
   Driver: C:\WINDOWS\system32\iaStorAfsNative.exe, 18.06.0001.1016 (English), 8/26/2021 09:46:48, 220368 bytes
   Driver: C:\WINDOWS\system32\OptaneEventLogMsg.dll, 18.06.0001.1016 (English), 8/26/2021 09:46:58, 24256 bytes
   Driver: C:\WINDOWS\system32\Optane.dll, 18.06.0001.1016 (English), 8/26/2021 09:46:56, 134336 bytes
   Driver: C:\WINDOWS\System32\DriverStore\FileRepository\iastorvd.inf_amd64_a5ea1b1d8db1527e\RstMwService.exe, 18.06.0001.1016 (English), 8/26/2021 09:47:00, 1998024 bytes
   Driver: C:\WINDOWS\system32\RstMwEventLogMsg.dll, 18.06.0001.1016 (English), 8/26/2021 09:46:58, 28368 bytes

     Name: Intel RST VMD Managed Controller 09AB
Device ID: PCI\VEN_8086&DEV_09AB&SUBSYS_14681025&REV_00\3&11583659&0&B8
   Driver: n/a

     Name: Barramento da Tecnologia Intel® Smart Sound
Device ID: PCI\VEN_8086&DEV_A0C8&SUBSYS_146A1025&REV_20\3&11583659&0&FB
   Driver: C:\WINDOWS\System32\DriverStore\FileRepository\intcaudiobus.inf_amd64_a5bfc4a9cc7fdf5a\IntcAudioBus.sys, 10.24.0000.7082 (English), 1/26/2022 08:21:38, 311872 bytes
   Driver: C:\WINDOWS\system32\DRIVERS\drmk.sys, 10.00.22000.0653 (English), 5/11/2022 00:24:24, 135168 bytes
   Driver: C:\WINDOWS\system32\DRIVERS\portcls.sys, 10.00.22000.0653 (English), 5/11/2022 00:24:24, 462848 bytes

     Name: PCI standard host CPU bridge
Device ID: PCI\VEN_8086&DEV_9A14&SUBSYS_14681025&REV_01\3&11583659&0&00
   Driver: n/a

     Name: Intel(R) Serial IO I2C Host Controller - A0E8
Device ID: PCI\VEN_8086&DEV_A0E8&SUBSYS_14681025&REV_20\3&11583659&0&A8
   Driver: C:\WINDOWS\System32\DriverStore\FileRepository\ialpss2_i2c_tgl.inf_amd64_ab87bf17a571e523\iaLPSS2_I2C_TGL.sys, 30.100.2031.0002 (English), 8/12/2020 12:37:34, 197272 bytes

     Name: Intel(R) Management Engine Interface #1
Device ID: PCI\VEN_8086&DEV_A0E0&SUBSYS_14681025&REV_20\3&11583659&0&B0
   Driver: C:\WINDOWS\System32\DriverStore\FileRepository\heci.inf_amd64_e9ffe3f2557dd9e9\x64\TeeDriverW10x64.sys, 2040.100.0000.1029 (English), 10/25/2020 10:04:44, 300040 bytes

     Name: Intel(R) Serial IO I2C Host Controller - A0C6
Device ID: PCI\VEN_8086&DEV_A0C6&SUBSYS_14681025&REV_20\3&11583659&0&C9
   Driver: C:\WINDOWS\System32\DriverStore\FileRepository\ialpss2_i2c_tgl.inf_amd64_ab87bf17a571e523\iaLPSS2_I2C_TGL.sys, 30.100.2031.0002 (English), 8/12/2020 12:37:34, 197272 bytes

     Name: Intel(R) LPC Controller/eSPI Controller (U Premium) - A082
Device ID: PCI\VEN_8086&DEV_A082&SUBSYS_14681025&REV_20\3&11583659&0&F8
   Driver: C:\WINDOWS\system32\DRIVERS\msisadrv.sys, 10.00.22000.0001 (English), 6/5/2021 09:04:45, 53576 bytes

     Name: Intel(R) SPI (flash) Controller - A0A4



Device ID: PCI\VEN_8086&DEV_A0A4&SUBSYS_14681025&REV_20\3&11583659&0&FD
   Driver: n/a

     Name: PCI standard RAM Controller
Device ID: PCI\VEN_8086&DEV_A0EF&SUBSYS_14681025&REV_20\3&11583659&0&A2
   Driver: n/a

     Name: Realtek PCIe GbE Family Controller
Device ID: PCI\VEN_10EC&DEV_8168&SUBSYS_14681025&REV_15\01000000684CE00000
   Driver: C:\WINDOWS\system32\DRIVERS\rt640x64.sys, 10.56.0119.2022 (Portuguese), 5/10/2022 03:54:28, 1172776 bytes

     Name: Intel(R) PCI Express Root Port #9 - A0B0
Device ID: PCI\VEN_8086&DEV_A0B0&SUBSYS_14681025&REV_20\3&11583659&0&E8
   Driver: C:\WINDOWS\system32\DRIVERS\pci.sys, 10.00.22000.0918 (Portuguese), 9/14/2022 18:09:46, 537960 bytes

     Name: Intel(R) Wi-Fi 6 AX201 160MHz
Device ID: PCI\VEN_8086&DEV_A0F0&SUBSYS_00748086&REV_20\3&11583659&0&A3
   Driver: C:\WINDOWS\system32\DRIVERS\Netwtw10.sys, 22.40.0000.0007 (English), 3/9/2021 19:39:36, 5287784 bytes
   Driver: C:\WINDOWS\system32\DRIVERS\Netwfw10.dat, 3/9/2021 19:24:00, 31897212 bytes
   Driver: C:\WINDOWS\system32\IntelIHVRouter08.dll, 22.12030.0000.0001 (English), 3/9/2021 19:39:20, 1422192 bytes

     Name: Intel(R) USB 3.10 eXtensible Host Controller - 1.20 (Microsoft)
Device ID: PCI\VEN_8086&DEV_A0ED&SUBSYS_14681025&REV_20\3&11583659&0&A0
   Driver: C:\WINDOWS\system32\DRIVERS\USBXHCI.SYS, 10.00.22000.0778 (Portuguese), 7/16/2022 03:23:30, 656736 bytes
   Driver: C:\WINDOWS\system32\DRIVERS\UMDF\UsbXhciCompanion.dll, 10.00.22000.0778 (English), 7/16/2022 03:23:31, 162592 bytes

     Name: Intel(R) Iris(R) Xe Graphics
Device ID: PCI\VEN_8086&DEV_9A49&SUBSYS_14681025&REV_01\3&11583659&0&10
   Driver: C:\WINDOWS\System32\DriverStore\FileRepository\iigd_dch.inf_amd64_38b23bd92a6775fe\igdkmdn64.sys, 30.00.0101.1404 (English), 3/22/2022 04:41:24, 40524912 bytes
   Driver: C:\WINDOWS\System32\DriverStore\FileRepository\iigd_dch.inf_amd64_38b23bd92a6775fe\iglhxsn64.vp, 3/22/2022 04:03:44, 6489 bytes
   Driver: C:\WINDOWS\System32\DriverStore\FileRepository\iigd_dch.inf_amd64_38b23bd92a6775fe\igd10iumd64.dll, 30.00.0101.1404 (English), 3/22/2022 04:41:36, 2032432 bytes
   Driver: C:\WINDOWS\System32\DriverStore\FileRepository\iigd_dch.inf_amd64_38b23bd92a6775fe\igd10um64gen11.dll, 30.00.0101.1404 (English), 3/22/2022 04:41:44, 11842480 bytes
   Driver: C:\WINDOWS\System32\DriverStore\FileRepository\iigd_dch.inf_amd64_38b23bd92a6775fe\igd11dxva64.dll, 30.00.0101.1404 (English), 3/22/2022 04:41:54, 78416528 bytes
   Driver: C:\WINDOWS\System32\DriverStore\FileRepository\iigd_dch.inf_amd64_38b23bd92a6775fe\igd12dxva64.dll, 30.00.0101.1404 (English), 3/22/2022 04:42:04, 77873704 bytes
   Driver: C:\WINDOWS\System32\DriverStore\FileRepository\iigd_dch.inf_amd64_38b23bd92a6775fe\igd12umd64.dll, 30.00.0101.1404 (English), 3/22/2022 04:42:20, 152640 bytes
   Driver: C:\WINDOWS\System32\DriverStore\FileRepository\iigd_dch.inf_amd64_38b23bd92a6775fe\igd12um64kbl.dll, 3/22/2022 04:42:14, 10461432 bytes
   Driver: C:\WINDOWS\System32\DriverStore\FileRepository\iigd_dch.inf_amd64_38b23bd92a6775fe\igd12um64icl.dll, 3/22/2022 04:42:12, 10520288 bytes
   Driver: C:\WINDOWS\System32\DriverStore\FileRepository\iigd_dch.inf_amd64_38b23bd92a6775fe\igd10um64xe.dll, 30.00.0101.1404 (English), 3/22/2022 04:41:46, 21358224 bytes
   Driver: C:\WINDOWS\System32\DriverStore\FileRepository\iigd_dch.inf_amd64_38b23bd92a6775fe\igd12um64xel.dll, 3/22/2022 04:42:16, 10660112 bytes
   Driver: C:\WINDOWS\System32\DriverStore\FileRepository\iigd_dch.inf_amd64_38b23bd92a6775fe\igdgmm64.dll, 30.00.0101.1404 (English), 3/22/2022 04:42:44, 4076536 bytes
   Driver: C:\WINDOWS\System32\DriverStore\FileRepository\iigd_dch.inf_amd64_38b23bd92a6775fe\igfxcmrt64.dll, 30.00.0101.1404 (English), 3/22/2022 04:43:14, 226240 bytes
   Driver: C:\WINDOWS\System32\DriverStore\FileRepository\iigd_dch.inf_amd64_38b23bd92a6775fe\igfx11cmrt64.dll, 30.00.0101.1404 (English), 3/22/2022 04:43:12, 230384 bytes



   Driver: C:\WINDOWS\System32\DriverStore\FileRepository\iigd_dch.inf_amd64_38b23bd92a6775fe\igdumdim64.dll, 30.00.0101.1404 (English), 3/22/2022 04:43:08, 1750800 bytes
   Driver: C:\WINDOWS\System32\DriverStore\FileRepository\iigd_dch.inf_amd64_38b23bd92a6775fe\igdail64.dll, 3/22/2022 04:41:18, 204688 bytes
   Driver: C:\WINDOWS\System32\DriverStore\FileRepository\iigd_dch.inf_amd64_38b23bd92a6775fe\igd9dxva64.dll, 30.00.0101.1404 (English), 3/22/2022 04:42:28, 64689920 bytes
   Driver: C:\WINDOWS\System32\DriverStore\FileRepository\iigd_dch.inf_amd64_38b23bd92a6775fe\iga64.dll, 30.00.0101.1404 (English), 3/22/2022 04:41:24, 3041800 bytes
   Driver: C:\WINDOWS\System32\DriverStore\FileRepository\iigd_dch.inf_amd64_38b23bd92a6775fe\igc64.dll, 30.00.0101.1404 (English), 3/22/2022 04:41:32, 57765864 bytes
   Driver: C:\WINDOWS\System32\DriverStore\FileRepository\iigd_dch.inf_amd64_38b23bd92a6775fe\DnnlPlugin.dll, 3/22/2022 04:41:22, 50156928 bytes
   Driver: C:\WINDOWS\System32\DriverStore\FileRepository\iigd_dch.inf_amd64_38b23bd92a6775fe\UniversalAdapter64.dll, 3/22/2022 04:44:30, 353792 bytes
   Driver: C:\WINDOWS\System32\DriverStore\FileRepository\iigd_dch.inf_amd64_38b23bd92a6775fe\opencl-clang64.dll, 2.00.0009.0000 (English), 3/22/2022 04:44:26, 83520360 bytes
   Driver: C:\WINDOWS\System32\DriverStore\FileRepository\iigd_dch.inf_amd64_38b23bd92a6775fe\igdfcl64.dll, 30.00.0101.1404 (English), 3/22/2022 04:42:40, 1079184 bytes
   Driver: C:\WINDOWS\System32\DriverStore\FileRepository\iigd_dch.inf_amd64_38b23bd92a6775fe\igdmd64.dll, 30.00.0101.1404 (English), 3/22/2022 04:42:54, 6904920 bytes
   Driver: C:\WINDOWS\System32\DriverStore\FileRepository\iigd_dch.inf_amd64_38b23bd92a6775fe\igdml64.dll, 30.00.0101.1404 (English), 3/22/2022 04:43:02, 3147856 bytes
   Driver: C:\WINDOWS\System32\DriverStore\FileRepository\iigd_dch.inf_amd64_38b23bd92a6775fe\igdde64.dll, 30.00.0101.1404 (English), 3/22/2022 04:42:32, 431240 bytes
   Driver: C:\WINDOWS\System32\DriverStore\FileRepository\iigd_dch.inf_amd64_38b23bd92a6775fe\igdinfo64.dll, 3/22/2022 04:42:50, 167936 bytes
   Driver: C:\WINDOWS\System32\DriverStore\FileRepository\iigd_dch.inf_amd64_38b23bd92a6775fe\igdext64.dll, 30.00.0101.1404 (English), 3/22/2022 04:42:38, 303560 bytes
   Driver: C:\WINDOWS\System32\DriverStore\FileRepository\iigd_dch.inf_amd64_38b23bd92a6775fe\igd10iumd32.dll, 30.00.0101.1404 (English), 3/22/2022 04:41:34, 1988040 bytes
   Driver: C:\WINDOWS\System32\DriverStore\FileRepository\iigd_dch.inf_amd64_38b23bd92a6775fe\igd10um32gen11.dll, 30.00.0101.1404 (English), 3/22/2022 04:41:40, 9112952 bytes
   Driver: C:\WINDOWS\System32\DriverStore\FileRepository\iigd_dch.inf_amd64_38b23bd92a6775fe\igd11dxva32.dll, 30.00.0101.1404 (English), 3/22/2022 04:41:50, 76965960 bytes
   Driver: C:\WINDOWS\System32\DriverStore\FileRepository\iigd_dch.inf_amd64_38b23bd92a6775fe\igd12dxva32.dll, 30.00.0101.1404 (English), 3/22/2022 04:42:00, 76483600 bytes
   Driver: C:\WINDOWS\System32\DriverStore\FileRepository\iigd_dch.inf_amd64_38b23bd92a6775fe\igd12umd32.dll, 30.00.0101.1404 (English), 3/22/2022 04:42:18, 115704 bytes
   Driver: C:\WINDOWS\System32\DriverStore\FileRepository\iigd_dch.inf_amd64_38b23bd92a6775fe\igd12um32kbl.dll, 3/22/2022 04:42:08, 9953656 bytes
   Driver: C:\WINDOWS\System32\DriverStore\FileRepository\iigd_dch.inf_amd64_38b23bd92a6775fe\igd12um32icl.dll, 3/22/2022 04:42:06, 10024016 bytes
   Driver: C:\WINDOWS\System32\DriverStore\FileRepository\iigd_dch.inf_amd64_38b23bd92a6775fe\igd10um32xe.dll, 30.00.0101.1404 (English), 3/22/2022 04:41:42, 19472016 bytes
   Driver: C:\WINDOWS\System32\DriverStore\FileRepository\iigd_dch.inf_amd64_38b23bd92a6775fe\igd12um32xel.dll, 3/22/2022 04:42:10, 10181592 bytes
   Driver: C:\WINDOWS\System32\DriverStore\FileRepository\iigd_dch.inf_amd64_38b23bd92a6775fe\igdgmm32.dll, 30.00.0101.1404 (English), 3/22/2022 04:42:42, 3206200 bytes



   Driver: C:\WINDOWS\System32\DriverStore\FileRepository\iigd_dch.inf_amd64_38b23bd92a6775fe\igdumdim32.dll, 30.00.0101.1404 (English), 3/22/2022 04:43:06, 1569216 bytes
   Driver: C:\WINDOWS\System32\DriverStore\FileRepository\iigd_dch.inf_amd64_38b23bd92a6775fe\igdail32.dll, 3/22/2022 04:41:16, 168848 bytes
   Driver: C:\WINDOWS\System32\DriverStore\FileRepository\iigd_dch.inf_amd64_38b23bd92a6775fe\igd9dxva32.dll, 30.00.0101.1404 (English), 3/22/2022 04:42:24, 63328224 bytes
   Driver: C:\WINDOWS\System32\DriverStore\FileRepository\iigd_dch.inf_amd64_38b23bd92a6775fe\igfxcmrt32.dll, 30.00.0101.1404 (English), 3/22/2022 04:43:14, 183112 bytes
   Driver: C:\WINDOWS\System32\DriverStore\FileRepository\iigd_dch.inf_amd64_38b23bd92a6775fe\igfx11cmrt32.dll, 30.00.0101.1404 (English), 3/22/2022 04:43:10, 185184 bytes
   Driver: C:\WINDOWS\System32\DriverStore\FileRepository\iigd_dch.inf_amd64_38b23bd92a6775fe\iga32.dll, 30.00.0101.1404 (English), 3/22/2022 04:41:24, 2436352 bytes
   Driver: C:\WINDOWS\System32\DriverStore\FileRepository\iigd_dch.inf_amd64_38b23bd92a6775fe\igc32.dll, 30.00.0101.1404 (English), 3/22/2022 04:41:28, 48921008 bytes
   Driver: C:\WINDOWS\System32\DriverStore\FileRepository\iigd_dch.inf_amd64_38b23bd92a6775fe\UniversalAdapter32.dll, 3/22/2022 04:44:28, 294208 bytes
   Driver: C:\WINDOWS\System32\DriverStore\FileRepository\iigd_dch.inf_amd64_38b23bd92a6775fe\opencl-clang32.dll, 2.00.0009.0000 (English), 3/22/2022 04:44:22, 61974776 bytes
   Driver: C:\WINDOWS\System32\DriverStore\FileRepository\iigd_dch.inf_amd64_38b23bd92a6775fe\igdfcl32.dll, 30.00.0101.1404 (English), 3/22/2022 04:41:20, 973672 bytes
   Driver: C:\WINDOWS\System32\DriverStore\FileRepository\iigd_dch.inf_amd64_38b23bd92a6775fe\igdmd32.dll, 30.00.0101.1404 (English), 3/22/2022 04:42:52, 5430224 bytes
   Driver: C:\WINDOWS\System32\DriverStore\FileRepository\iigd_dch.inf_amd64_38b23bd92a6775fe\igdml32.dll, 30.00.0101.1404 (English), 3/22/2022 04:42:58, 2425272 bytes
   Driver: C:\WINDOWS\System32\DriverStore\FileRepository\iigd_dch.inf_amd64_38b23bd92a6775fe\igdde32.dll, 30.00.0101.1404 (English), 3/22/2022 04:42:30, 352808 bytes
   Driver: C:\WINDOWS\System32\DriverStore\FileRepository\iigd_dch.inf_amd64_38b23bd92a6775fe\igdinfo32.dll, 3/22/2022 04:42:48, 142392 bytes
   Driver: C:\WINDOWS\System32\DriverStore\FileRepository\iigd_dch.inf_amd64_38b23bd92a6775fe\igdext32.dll, 30.00.0101.1404 (English), 3/22/2022 04:42:36, 246024 bytes
   Driver: C:\WINDOWS\System32\DriverStore\FileRepository\iigd_dch.inf_amd64_38b23bd92a6775fe\libigd12umd64.so, 3/22/2022 04:03:46, 43208 bytes
   Driver: C:\WINDOWS\System32\DriverStore\FileRepository\iigd_dch.inf_amd64_38b23bd92a6775fe\libigd12um64kbl.so, 3/22/2022 04:03:46, 4587176 bytes
   Driver: C:\WINDOWS\System32\DriverStore\FileRepository\iigd_dch.inf_amd64_38b23bd92a6775fe\libigd12um64icl.so, 3/22/2022 04:03:46, 4717208 bytes
   Driver: C:\WINDOWS\System32\DriverStore\FileRepository\iigd_dch.inf_amd64_38b23bd92a6775fe\libigd12um64xel.so, 3/22/2022 04:03:46, 4960808 bytes
   Driver: C:\WINDOWS\System32\DriverStore\FileRepository\iigd_dch.inf_amd64_38b23bd92a6775fe\libigc.so, 3/22/2022 04:03:46, 41310032 bytes
   Driver: C:\WINDOWS\System32\DriverStore\FileRepository\iigd_dch.inf_amd64_38b23bd92a6775fe\libLLVM-9.so, 3/22/2022 04:03:46, 38562040 bytes
   Driver: C:\WINDOWS\System32\DriverStore\FileRepository\iigd_dch.inf_amd64_38b23bd92a6775fe\libigdgmm.so.12, 3/22/2022 04:03:46, 2280056 bytes
   Driver: C:\WINDOWS\System32\DriverStore\FileRepository\iigd_dch.inf_amd64_38b23bd92a6775fe\libUniversalAdapter64.so, 3/22/2022 04:03:48, 505936 bytes
   Driver: C:\WINDOWS\System32\DriverStore\FileRepository\iigd_dch.inf_amd64_38b23bd92a6775fe\libigdfcl.so, 3/22/2022 04:03:46, 972592 bytes
   Driver: C:\WINDOWS\System32\DriverStore\FileRepository\iigd_dch.inf_amd64_38b23bd92a6775fe\libopencl-clang.so.9, 3/22/2022 04:03:48, 80933576 bytes



   Driver: C:\WINDOWS\System32\DriverStore\FileRepository\iigd_dch.inf_amd64_38b23bd92a6775fe\libwsl_compute_helper.so, 3/22/2022 04:03:48, 1054800 bytes
   Driver: C:\WINDOWS\System32\DriverStore\FileRepository\iigd_dch.inf_amd64_38b23bd92a6775fe\UMED.dll, 3/22/2022 04:44:28, 153240 bytes
   Driver: C:\WINDOWS\System32\DriverStore\FileRepository\iigd_dch.inf_amd64_38b23bd92a6775fe\iglhxo64.vp, 3/22/2022 04:03:44, 42513 bytes
   Driver: C:\WINDOWS\System32\DriverStore\FileRepository\iigd_dch.inf_amd64_38b23bd92a6775fe\iglhxc64.vp, 3/22/2022 04:03:44, 44194 bytes
   Driver: C:\WINDOWS\System32\DriverStore\FileRepository\iigd_dch.inf_amd64_38b23bd92a6775fe\iglhxg64.vp, 3/22/2022 04:03:44, 43760 bytes
   Driver: C:\WINDOWS\System32\DriverStore\FileRepository\iigd_dch.inf_amd64_38b23bd92a6775fe\iglhxo64_dev.vp, 3/22/2022 04:03:44, 43143 bytes
   Driver: C:\WINDOWS\System32\DriverStore\FileRepository\iigd_dch.inf_amd64_38b23bd92a6775fe\iglhxc64_dev.vp, 3/22/2022 04:03:44, 43214 bytes
   Driver: C:\WINDOWS\System32\DriverStore\FileRepository\iigd_dch.inf_amd64_38b23bd92a6775fe\iglhxg64_dev.vp, 3/22/2022 04:03:44, 43732 bytes
   Driver: C:\WINDOWS\System32\DriverStore\FileRepository\iigd_dch.inf_amd64_38b23bd92a6775fe\iglhxa64.vp, 3/22/2022 04:03:44, 1125 bytes
   Driver: C:\WINDOWS\System32\DriverStore\FileRepository\iigd_dch.inf_amd64_38b23bd92a6775fe\iglhxa64.cpa, 3/22/2022 04:03:44, 1376256 bytes
   Driver: C:\WINDOWS\System32\DriverStore\FileRepository\iigd_dch.inf_amd64_38b23bd92a6775fe\IntelCpHDCPSvc.exe, 30.00.0101.1404 (English), 3/22/2022 04:42:12, 346208 bytes
   Driver: C:\WINDOWS\System32\DriverStore\FileRepository\iigd_dch.inf_amd64_38b23bd92a6775fe\cp_resources.bin, 3/22/2022 04:03:30, 2572396 bytes
   Driver: C:\WINDOWS\System32\DriverStore\FileRepository\iigd_dch.inf_amd64_38b23bd92a6775fe\igxelpicd64.dll, 30.00.0101.1404 (English), 3/22/2022 04:42:06, 16737664 bytes
   Driver: C:\WINDOWS\System32\DriverStore\FileRepository\iigd_dch.inf_amd64_38b23bd92a6775fe\igxelpicd32.dll, 30.00.0101.1404 (English), 3/22/2022 04:42:04, 13584768 bytes
   Driver: C:\WINDOWS\System32\DriverStore\FileRepository\iigd_dch.inf_amd64_38b23bd92a6775fe\OSSCOPYRIGHT.txt, 3/22/2022 04:03:48, 1372 bytes
   Driver: C:\WINDOWS\System32\DriverStore\FileRepository\iigd_dch.inf_amd64_38b23bd92a6775fe\igvk64.dll, 30.00.0101.1404 (English), 3/22/2022 04:43:24, 21675720 bytes
   Driver: C:\WINDOWS\System32\DriverStore\FileRepository\iigd_dch.inf_amd64_38b23bd92a6775fe\igvk64.json, 3/22/2022 04:03:46, 135 bytes
   Driver: C:\WINDOWS\System32\DriverStore\FileRepository\iigd_dch.inf_amd64_38b23bd92a6775fe\VulkanRT-EULA.txt, 3/22/2022 04:03:48, 4008 bytes
   Driver: C:\WINDOWS\System32\DriverStore\FileRepository\iigd_dch.inf_amd64_38b23bd92a6775fe\igvk32.dll, 30.00.0101.1404 (English), 3/22/2022 04:43:20, 19545736 bytes
   Driver: C:\WINDOWS\System32\DriverStore\FileRepository\iigd_dch.inf_amd64_38b23bd92a6775fe\igvk32.json, 3/22/2022 04:03:46, 135 bytes
   Driver: C:\WINDOWS\System32\DriverStore\FileRepository\iigd_dch.inf_amd64_38b23bd92a6775fe\vulkan-1-64.dll, 1.02.0198.0001 (English), 3/22/2022 04:43:02, 1333472 bytes
   Driver: C:\WINDOWS\System32\DriverStore\FileRepository\iigd_dch.inf_amd64_38b23bd92a6775fe\vulkaninfo-64.exe, 1.02.0198.0001 (English), 3/22/2022 04:43:08, 1897072 bytes
   Driver: C:\WINDOWS\System32\DriverStore\FileRepository\iigd_dch.inf_amd64_38b23bd92a6775fe\vulkan-1-32.dll, 1.02.0198.0001 (English), 3/22/2022 04:43:00, 1052856 bytes
   Driver: C:\WINDOWS\System32\DriverStore\FileRepository\iigd_dch.inf_amd64_38b23bd92a6775fe\vulkaninfo-32.exe, 1.02.0198.0001 (English), 3/22/2022 04:43:06, 1474696 bytes
   Driver: C:\WINDOWS\SysWow64\vulkan-1.dll, 1.02.0198.0001 (English), 3/22/2022 04:43:00, 1052856 bytes
   Driver: C:\WINDOWS\SysWow64\vulkaninfo.exe, 1.02.0198.0001 (English), 3/22/2022 04:43:06, 1474696 bytes
   Driver: C:\WINDOWS\SysWow64\vulkan-1-999-0-0-0.dll, 1.02.0198.0001 (English), 3/22/2022 04:43:00, 1052856 bytes



   Driver: C:\WINDOWS\SysWow64\vulkaninfo-1-999-0-0-0.exe, 1.02.0198.0001 (English), 3/22/2022 04:43:06, 1474696 bytes
   Driver: C:\WINDOWS\system32\vulkan-1.dll, 1.02.0198.0001 (English), 3/22/2022 04:43:02, 1333472 bytes
   Driver: C:\WINDOWS\system32\vulkaninfo.exe, 1.02.0198.0001 (English), 3/22/2022 04:43:08, 1897072 bytes
   Driver: C:\WINDOWS\system32\vulkan-1-999-0-0-0.dll, 1.02.0198.0001 (English), 3/22/2022 04:43:02, 1333472 bytes
   Driver: C:\WINDOWS\system32\vulkaninfo-1-999-0-0-0.exe, 1.02.0198.0001 (English), 3/22/2022 04:43:08, 1897072 bytes
   Driver: C:\WINDOWS\System32\DriverStore\FileRepository\iigd_dch.inf_amd64_38b23bd92a6775fe\Intel_OpenCL_ICD32.dll, 2.02.0008.0000 (English), 3/22/2022 04:42:20, 371584 bytes
   Driver: C:\WINDOWS\System32\DriverStore\FileRepository\iigd_dch.inf_amd64_38b23bd92a6775fe\igdrcl32.dll, 23.20.0101.1404 (English), 3/22/2022 04:41:32, 4801384 bytes
   Driver: C:\WINDOWS\System32\DriverStore\FileRepository\iigd_dch.inf_amd64_38b23bd92a6775fe\Intel_OpenCL_ICD64.dll, 2.02.0008.0000 (English), 3/22/2022 04:42:22, 508800 bytes
   Driver: C:\WINDOWS\System32\DriverStore\FileRepository\iigd_dch.inf_amd64_38b23bd92a6775fe\ze_loader.dll, 1.07.0009.0000 (English), 3/22/2022 04:43:14, 385424 bytes
   Driver: C:\WINDOWS\System32\DriverStore\FileRepository\iigd_dch.inf_amd64_38b23bd92a6775fe\ze_validation_layer.dll, 1.07.0009.0000 (English), 3/22/2022 04:43:20, 151952 bytes
   Driver: C:\WINDOWS\System32\DriverStore\FileRepository\iigd_dch.inf_amd64_38b23bd92a6775fe\ze_tracing_layer.dll, 1.07.0009.0000 (English), 3/22/2022 04:43:16, 477584 bytes
   Driver: C:\WINDOWS\System32\DriverStore\FileRepository\iigd_dch.inf_amd64_38b23bd92a6775fe\IntelControlLib.dll, 1.00.0067.0000 (English), 3/22/2022 04:43:26, 405480 bytes
   Driver: C:\WINDOWS\System32\DriverStore\FileRepository\iigd_dch.inf_amd64_38b23bd92a6775fe\IntelControlLib32.dll, 1.00.0067.0000 (English), 3/22/2022 04:43:26, 341688 bytes
   Driver: C:\WINDOWS\System32\DriverStore\FileRepository\iigd_dch.inf_amd64_38b23bd92a6775fe\igdrcl64.dll, 23.20.0101.1404 (English), 3/22/2022 04:41:34, 5482856 bytes
   Driver: C:\WINDOWS\System32\DriverStore\FileRepository\iigd_dch.inf_amd64_38b23bd92a6775fe\ze_intel_gpu64.dll, 1.03.0000.0000 (English), 3/22/2022 04:43:12, 4675496 bytes
   Driver: C:\WINDOWS\SysWow64\OpenCL.dll, 3.00.0001.0000 (English), 5/11/2022 00:26:48, 78336 bytes
   Driver: C:\WINDOWS\system32\OpenCL.dll, 3.00.0001.0000 (English), 5/11/2022 00:26:48, 114688 bytes
   Driver: C:\WINDOWS\system32\ze_loader.dll, 1.07.0009.0000 (English), 3/22/2022 04:43:14, 385424 bytes
   Driver: C:\WINDOWS\system32\ze_validation_layer.dll, 1.07.0009.0000 (English), 3/22/2022 04:43:20, 151952 bytes
   Driver: C:\WINDOWS\system32\ze_tracing_layer.dll, 1.07.0009.0000 (English), 3/22/2022 04:43:16, 477584 bytes
   Driver: C:\WINDOWS\system32\ControlLib.dll, 1.00.0067.0000 (English), 3/22/2022 04:41:16, 244128 bytes
   Driver: C:\WINDOWS\system32\ControlLib32.dll, 1.00.0067.0000 (English), 3/22/2022 04:41:16, 197640 bytes
   Driver: C:\WINDOWS\SysWow64\libmfxhw32.dll, 22.01.0031.0372 (English), 3/22/2022 04:43:48, 720088 bytes
   Driver: C:\WINDOWS\SysWow64\mfxplugin32_hw.dll, 22.01.0031.0372 (English), 3/22/2022 04:42:26, 20646784 bytes
   Driver: C:\WINDOWS\system32\libmfxhw64.dll, 22.01.0031.0372 (English), 3/22/2022 04:43:52, 961360 bytes
   Driver: C:\WINDOWS\system32\mfxplugin64_hw.dll, 22.01.0031.0372 (English), 3/22/2022 04:42:28, 27904896 bytes
   Driver: C:\WINDOWS\system32\intel_gfx_api-x64.dll, 22.01.0031.0372 (English), 3/22/2022 04:43:28, 602960 bytes
   Driver: C:\WINDOWS\system32\libvpl.dll, 2.06.0000.0000 (English), 3/22/2022 04:44:32, 521144 bytes
   Driver: C:\WINDOWS\SysWow64\intel_gfx_api-x86.dll, 22.01.0031.0372 (English), 3/22/2022 04:43:30, 463000 bytes
   Driver: C:\WINDOWS\SysWow64\libvpl.dll, 2.06.0000.0000 (English), 3/22/2022 04:44:32, 453264 bytes



   Driver: C:\WINDOWS\System32\DriverStore\FileRepository\iigd_dch.inf_amd64_38b23bd92a6775fe\mfxplugin64_hw.dll, 22.01.0031.0372 (English), 3/22/2022 04:42:28, 27904896 bytes
   Driver: C:\WINDOWS\System32\DriverStore\FileRepository\iigd_dch.inf_amd64_38b23bd92a6775fe\mfxplugin64_av1e_gacc.dll, 3.11.0005.0020 (English), 3/22/2022 04:43:46, 12608352 bytes
   Driver: C:\WINDOWS\System32\DriverStore\FileRepository\iigd_dch.inf_amd64_38b23bd92a6775fe\intel_gfx_api-x64.dll, 22.01.0031.0372 (English), 3/22/2022 04:43:28, 602960 bytes
   Driver: C:\WINDOWS\System32\DriverStore\FileRepository\iigd_dch.inf_amd64_38b23bd92a6775fe\mfxplugin32_hw.dll, 22.01.0031.0372 (English), 3/22/2022 04:42:26, 20646784 bytes
   Driver: C:\WINDOWS\System32\DriverStore\FileRepository\iigd_dch.inf_amd64_38b23bd92a6775fe\mfxplugin32_av1e_gacc.dll, 3.11.0005.0020 (English), 3/22/2022 04:43:44, 8650744 bytes
   Driver: C:\WINDOWS\System32\DriverStore\FileRepository\iigd_dch.inf_amd64_38b23bd92a6775fe\intel_gfx_api-x86.dll, 22.01.0031.0372 (English), 3/22/2022 04:43:30, 463000 bytes
   Driver: C:\WINDOWS\System32\DriverStore\FileRepository\iigd_dch.inf_amd64_38b23bd92a6775fe\mfx_mft_h264ve_32.dll, 22.01.0031.0372 (English), 3/22/2022 04:44:06, 2502984 bytes
   Driver: C:\WINDOWS\System32\DriverStore\FileRepository\iigd_dch.inf_amd64_38b23bd92a6775fe\mfx_mft_mjpgvd_32.dll, 22.01.0031.0372 (English), 3/22/2022 04:42:30, 2358648 bytes
   Driver: C:\WINDOWS\System32\DriverStore\FileRepository\iigd_dch.inf_amd64_38b23bd92a6775fe\mfx_mft_h265ve_32.dll, 22.01.0031.0372 (English), 3/22/2022 04:44:12, 2516832 bytes
   Driver: C:\WINDOWS\System32\DriverStore\FileRepository\iigd_dch.inf_amd64_38b23bd92a6775fe\mfx_mft_vp9ve_32.dll, 22.01.0031.0372 (English), 3/22/2022 04:44:16, 2510960 bytes
   Driver: C:\WINDOWS\System32\DriverStore\FileRepository\iigd_dch.inf_amd64_38b23bd92a6775fe\mfx_mft_encrypt_32.dll, 22.01.0031.0372 (English), 3/22/2022 04:44:00, 2366440 bytes
   Driver: C:\WINDOWS\System32\DriverStore\FileRepository\iigd_dch.inf_amd64_38b23bd92a6775fe\mfx_mft_av1hve_32.dll, 22.01.0031.0372 (English), 3/22/2022 04:43:56, 2513584 bytes
   Driver: C:\WINDOWS\System32\DriverStore\FileRepository\iigd_dch.inf_amd64_38b23bd92a6775fe\c_32.cpa, 3/22/2022 04:03:30, 1361159 bytes
   Driver: C:\WINDOWS\System32\DriverStore\FileRepository\iigd_dch.inf_amd64_38b23bd92a6775fe\cpa_32.vp, 3/22/2022 04:03:30, 1125 bytes
   Driver: C:\WINDOWS\System32\DriverStore\FileRepository\iigd_dch.inf_amd64_38b23bd92a6775fe\dev_32.vp, 3/22/2022 04:03:30, 57143 bytes
   Driver: C:\WINDOWS\System32\DriverStore\FileRepository\iigd_dch.inf_amd64_38b23bd92a6775fe\he_32.vp, 3/22/2022 04:03:30, 74033 bytes
   Driver: C:\WINDOWS\System32\DriverStore\FileRepository\iigd_dch.inf_amd64_38b23bd92a6775fe\mj_32.vp, 3/22/2022 04:03:48, 69669 bytes
   Driver: C:\WINDOWS\System32\DriverStore\FileRepository\iigd_dch.inf_amd64_38b23bd92a6775fe\h265e_32.vp, 3/22/2022 04:03:30, 75717 bytes
   Driver: C:\WINDOWS\System32\DriverStore\FileRepository\iigd_dch.inf_amd64_38b23bd92a6775fe\vp9e_32.vp, 3/22/2022 04:03:48, 75256 bytes
   Driver: C:\WINDOWS\System32\DriverStore\FileRepository\iigd_dch.inf_amd64_38b23bd92a6775fe\mfx_mft_av1hve_32.vp, 3/22/2022 04:03:48, 75305 bytes
   Driver: C:\WINDOWS\System32\DriverStore\FileRepository\iigd_dch.inf_amd64_38b23bd92a6775fe\mfx_mft_h264ve_64.dll, 22.01.0031.0372 (English), 3/22/2022 04:44:08, 3040904 bytes
   Driver: C:\WINDOWS\System32\DriverStore\FileRepository\iigd_dch.inf_amd64_38b23bd92a6775fe\mfx_mft_mjpgvd_64.dll, 22.01.0031.0372 (English), 3/22/2022 04:42:32, 2865000 bytes
   Driver: C:\WINDOWS\System32\DriverStore\FileRepository\iigd_dch.inf_amd64_38b23bd92a6775fe\mfx_mft_h265ve_64.dll, 22.01.0031.0372 (English), 3/22/2022 04:44:14, 3060768 bytes
   Driver: C:\WINDOWS\System32\DriverStore\FileRepository\iigd_dch.inf_amd64_38b23bd92a6775fe\mfx_mft_vp9ve_64.dll, 22.01.0031.0372 (English), 3/22/2022 04:44:18, 3055056 bytes



   Driver: C:\WINDOWS\System32\DriverStore\FileRepository\iigd_dch.inf_amd64_38b23bd92a6775fe\mfx_mft_encrypt_64.dll, 22.01.0031.0372 (English), 3/22/2022 04:44:04, 2872528 bytes
   Driver: C:\WINDOWS\System32\DriverStore\FileRepository\iigd_dch.inf_amd64_38b23bd92a6775fe\mfx_mft_av1hve_64.dll, 22.01.0031.0372 (English), 3/22/2022 04:43:58, 3056592 bytes
   Driver: C:\WINDOWS\System32\DriverStore\FileRepository\iigd_dch.inf_amd64_38b23bd92a6775fe\c_64.cpa, 3/22/2022 04:03:30, 1376256 bytes
   Driver: C:\WINDOWS\System32\DriverStore\FileRepository\iigd_dch.inf_amd64_38b23bd92a6775fe\cpa_64.vp, 3/22/2022 04:03:30, 1125 bytes
   Driver: C:\WINDOWS\System32\DriverStore\FileRepository\iigd_dch.inf_amd64_38b23bd92a6775fe\dev_64.vp, 3/22/2022 04:03:30, 56359 bytes
   Driver: C:\WINDOWS\System32\DriverStore\FileRepository\iigd_dch.inf_amd64_38b23bd92a6775fe\he_64.vp, 3/22/2022 04:03:30, 13079 bytes
   Driver: C:\WINDOWS\System32\DriverStore\FileRepository\iigd_dch.inf_amd64_38b23bd92a6775fe\mj_64.vp, 3/22/2022 04:03:48, 12787 bytes
   Driver: C:\WINDOWS\System32\DriverStore\FileRepository\iigd_dch.inf_amd64_38b23bd92a6775fe\h265e_64.vp, 3/22/2022 04:03:30, 13699 bytes
   Driver: C:\WINDOWS\System32\DriverStore\FileRepository\iigd_dch.inf_amd64_38b23bd92a6775fe\vp9e_64.vp, 3/22/2022 04:03:48, 13498 bytes
   Driver: C:\WINDOWS\System32\DriverStore\FileRepository\iigd_dch.inf_amd64_38b23bd92a6775fe\mfx_mft_av1hve_64.vp, 3/22/2022 04:03:48, 13483 bytes
   Driver: C:\WINDOWS\System32\DriverStore\FileRepository\iigd_dch.inf_amd64_38b23bd92a6775fe\libmfxhw64.dll, 22.01.0031.0372 (English), 3/22/2022 04:43:42, 29178368 bytes
   Driver: C:\WINDOWS\System32\DriverStore\FileRepository\iigd_dch.inf_amd64_38b23bd92a6775fe\libmfxhw32.dll, 22.01.0031.0372 (English), 3/22/2022 04:43:38, 27582656 bytes
   Driver: C:\WINDOWS\System32\DriverStore\FileRepository\iigd_dch.inf_amd64_38b23bd92a6775fe\libmfx64-gen.dll, 22.02.0004.2512 (English), 3/22/2022 04:43:34, 24794192 bytes
   Driver: C:\WINDOWS\System32\DriverStore\FileRepository\iigd_dch.inf_amd64_38b23bd92a6775fe\libmfx32-gen.dll, 22.02.0004.2512 (English), 3/22/2022 04:43:32, 23501408 bytes
   Driver: C:\WINDOWS\System32\DriverStore\FileRepository\iigd_dch.inf_amd64_38b23bd92a6775fe\clangFEWrapper.dll, 3/22/2022 04:40:46, 32680360 bytes
   Driver: C:\WINDOWS\System32\DriverStore\FileRepository\iigd_dch.inf_amd64_38b23bd92a6775fe\clangFEWrapper32.dll, 3/22/2022 04:40:50, 25840016 bytes

------------------
DirectShow Filters
------------------

DirectShow Filters:
WMAudio Decoder DMO,0x00800800,1,1,WMADMOD.DLL,10.00.22000.0120
WMAPro over S/PDIF DMO,0x00600800,1,1,WMADMOD.DLL,10.00.22000.0120
WMSpeech Decoder DMO,0x00600800,1,1,WMSPDMOD.DLL,10.00.22000.0653
MP3 Decoder DMO,0x00600800,1,1,mp3dmod.dll,10.00.22000.0001
Mpeg4s Decoder DMO,0x00800001,1,1,mp4sdecd.dll,10.00.22000.0001
WMV Screen decoder DMO,0x00600800,1,1,wmvsdecd.dll,10.00.22000.0653
WMVideo Decoder DMO,0x00800001,1,1,wmvdecod.dll,10.00.22000.0120
Mpeg43 Decoder DMO,0x00800001,1,1,mp43decd.dll,10.00.22000.0653
Mpeg4 Decoder DMO,0x00800001,1,1,mpg4decd.dll,10.00.22000.0653
DV Muxer,0x00400000,0,0,qdv.dll,10.00.22000.0653
Color Space Converter,0x00400001,1,1,quartz.dll,10.00.22000.0001
WM ASF Reader,0x00400000,0,0,qasf.dll,12.00.22000.0653
AVI Splitter,0x00600000,1,1,quartz.dll,10.00.22000.0001
VGA 16 Color Ditherer,0x00400000,1,1,quartz.dll,10.00.22000.0001
SBE2MediaTypeProfile,0x00200000,0,0,sbe.dll,10.00.22000.0653
Microsoft DTV-DVD Video Decoder,0x005fffff,2,4,msmpeg2vdec.dll,10.00.22000.0978
AC3 Parser Filter,0x00600000,1,1,mpg2splt.ax,10.00.22000.0653
StreamBufferSink,0x00200000,0,0,sbe.dll,10.00.22000.0653
MJPEG Decompressor,0x00600000,1,1,quartz.dll,10.00.22000.0001
MPEG-I Stream Splitter,0x00600000,1,2,quartz.dll,10.00.22000.0001
SAMI (CC) Parser,0x00400000,1,1,quartz.dll,10.00.22000.0001
VBI Codec,0x00600000,1,4,VBICodec.ax,10.00.22000.0653
MPEG-2 Splitter,0x005fffff,1,0,mpg2splt.ax,10.00.22000.0653
Closed Captions Analysis Filter,0x00200000,2,5,cca.dll,10.00.22000.0653



SBE2FileScan,0x00200000,0,0,sbe.dll,10.00.22000.0653
Microsoft MPEG-2 Video Encoder,0x00200000,1,1,msmpeg2enc.dll,10.00.22000.0708
Internal Script Command Renderer,0x00800001,1,0,quartz.dll,10.00.22000.0001
MPEG Audio Decoder,0x03680001,1,1,quartz.dll,10.00.22000.0001
DV Splitter,0x00600000,1,2,qdv.dll,10.00.22000.0653
Video Mixing Renderer 9,0x00200000,1,0,quartz.dll,10.00.22000.0001
Microsoft MPEG-2 Encoder,0x00200000,2,1,msmpeg2enc.dll,10.00.22000.0708
ACM Wrapper,0x00600000,1,1,quartz.dll,10.00.22000.0001
Video Renderer,0x00800001,1,0,quartz.dll,10.00.22000.0001
MPEG-2 Video Stream Analyzer,0x00200000,0,0,sbe.dll,10.00.22000.0653
Line 21 Decoder,0x00600000,1,1,,
Video Port Manager,0x00600000,2,1,quartz.dll,10.00.22000.0001
Video Renderer,0x00400000,1,0,quartz.dll,10.00.22000.0001
VPS Decoder,0x00200000,0,0,WSTPager.ax,10.00.22000.0653
WM ASF Writer,0x00400000,0,0,qasf.dll,12.00.22000.0653
VBI Surface Allocator,0x00600000,1,1,vbisurf.ax,10.00.22000.0653
File writer,0x00200000,1,0,qcap.dll,10.00.22000.0653
DVD Navigator,0x00200000,0,3,qdvd.dll,10.00.22000.0653
Overlay Mixer2,0x00200000,1,1,,
AVI Draw,0x00600064,9,1,quartz.dll,10.00.22000.0001
Microsoft MPEG-2 Audio Encoder,0x00200000,1,1,msmpeg2enc.dll,10.00.22000.0708
WST Pager,0x00200000,1,1,WSTPager.ax,10.00.22000.0653
MPEG-2 Demultiplexer,0x00600000,1,1,mpg2splt.ax,10.00.22000.0653
DV Video Decoder,0x00800000,1,1,qdv.dll,10.00.22000.0653
SampleGrabber,0x00200000,1,1,qedit.dll,10.00.22000.0653
Null Renderer,0x00200000,1,0,qedit.dll,10.00.22000.0653
MPEG-2 Sections and Tables,0x005fffff,1,0,Mpeg2Data.ax,10.00.22000.0653
Microsoft AC3 Encoder,0x00200000,1,1,msac3enc.dll,10.00.22000.0708
StreamBufferSource,0x00200000,0,0,sbe.dll,10.00.22000.0653
Smart Tee,0x00200000,1,2,qcap.dll,10.00.22000.0653
Overlay Mixer,0x00200000,0,0,,
AVI Decompressor,0x00600000,1,1,quartz.dll,10.00.22000.0001
AVI/WAV File Source,0x00400000,0,2,quartz.dll,10.00.22000.0001
Wave Parser,0x00400000,1,1,quartz.dll,10.00.22000.0001
MIDI Parser,0x00400000,1,1,quartz.dll,10.00.22000.0001
Multi-file Parser,0x00400000,1,1,quartz.dll,10.00.22000.0001
File stream renderer,0x00400000,1,1,quartz.dll,10.00.22000.0001
Microsoft DTV-DVD Audio Decoder,0x005fffff,1,1,msmpeg2adec.dll,10.00.22000.0708
StreamBufferSink2,0x00200000,0,0,sbe.dll,10.00.22000.0653
AVI Mux,0x00200000,1,0,qcap.dll,10.00.22000.0653
Line 21 Decoder 2,0x00600002,1,1,quartz.dll,10.00.22000.0001
File Source (Async.),0x00400000,0,1,quartz.dll,10.00.22000.0001
File Source (URL),0x00400000,0,1,quartz.dll,10.00.22000.0001
Infinite Pin Tee Filter,0x00200000,1,1,qcap.dll,10.00.22000.0653
Enhanced Video Renderer,0x00200000,1,0,evr.dll,10.00.22000.0708
BDA MPEG2 Transport Information Filter,0x00200000,2,0,psisrndr.ax,10.00.22000.0653
MPEG Video Decoder,0x40000001,1,1,quartz.dll,10.00.22000.0001

WDM Streaming Tee/Splitter Devices:
Conversor em T/Entre Coletores,0x00200000,1,1,ksproxy.ax,10.00.22000.0708

Video Compressors:
WMVideo8 Encoder DMO,0x00600800,1,1,wmvxencd.dll,10.00.22000.0653
WMVideo9 Encoder DMO,0x00600800,1,1,wmvencod.dll,10.00.22000.0653
MSScreen 9 encoder DMO,0x00600800,1,1,wmvsencd.dll,10.00.22000.0653
DV Video Encoder,0x00200000,0,0,qdv.dll,10.00.22000.0653
MJPEG Compressor,0x00200000,0,0,quartz.dll,10.00.22000.0001

Audio Compressors:
WM Speech Encoder DMO,0x00600800,1,1,WMSPDMOE.DLL,10.00.22000.0653
WMAudio Encoder DMO,0x00600800,1,1,WMADMOE.DLL,10.00.22000.0001
IMA ADPCM,0x00200000,1,1,quartz.dll,10.00.22000.0001
PCM,0x00200000,1,1,quartz.dll,10.00.22000.0001
Microsoft ADPCM,0x00200000,1,1,quartz.dll,10.00.22000.0001
GSM 6.10,0x00200000,1,1,quartz.dll,10.00.22000.0001
CCITT A-Law,0x00200000,1,1,quartz.dll,10.00.22000.0001
CCITT u-Law,0x00200000,1,1,quartz.dll,10.00.22000.0001
MPEG Layer-3,0x00200000,1,1,quartz.dll,10.00.22000.0001

Audio Capture Sources:
Grupo de microfones (Tecnologia Intel® Smart Sound para microfones digitais),0x00200000,0,0,qcap.dll,10.00.22000.0653

PBDA CP Filters:
PBDA DTFilter,0x00600000,1,1,CPFilters.dll,10.00.22000.0653



PBDA ETFilter,0x00200000,0,0,CPFilters.dll,10.00.22000.0653
PBDA PTFilter,0x00200000,0,0,CPFilters.dll,10.00.22000.0653

Midi Renderers:
Default MidiOut Device,0x00800000,1,0,quartz.dll,10.00.22000.0001
Microsoft GS Wavetable Synth,0x00200000,1,0,quartz.dll,10.00.22000.0001

WDM Streaming Capture Devices:
HD User Facing,0x00200000,1,1,ksproxy.ax,10.00.22000.0708
,0x00000000,0,0,,
,0x00000000,0,0,,
Realtek HD Audio Stereo input,0x00200000,1,1,ksproxy.ax,10.00.22000.0708
Realtek HD Audio Mic input,0x00200000,1,1,ksproxy.ax,10.00.22000.0708
,0x00000000,0,0,,

WDM Streaming Rendering Devices:
Realtek HD Audio output with SST,0x00200000,2,2,ksproxy.ax,10.00.22000.0708
Realtek HD Audio 2nd output with SST,0x00200000,2,2,ksproxy.ax,10.00.22000.0708

BDA Network Providers:
Microsoft ATSC Network Provider,0x00200000,0,1,MSDvbNP.ax,10.00.22000.0653
Microsoft DVBC Network Provider,0x00200000,0,1,MSDvbNP.ax,10.00.22000.0653
Microsoft DVBS Network Provider,0x00200000,0,1,MSDvbNP.ax,10.00.22000.0653
Microsoft DVBT Network Provider,0x00200000,0,1,MSDvbNP.ax,10.00.22000.0653
Microsoft Network Provider,0x00200000,0,1,MSNP.ax,10.00.22000.0653

Video Capture Sources:
HD User Facing,0x00200000,1,1,ksproxy.ax,10.00.22000.0708

Multi-Instance Capable VBI Codecs:
VBI Codec,0x00600000,1,4,VBICodec.ax,10.00.22000.0653

BDA Transport Information Renderers:
BDA MPEG2 Transport Information Filter,0x00600000,2,0,psisrndr.ax,10.00.22000.0653
MPEG-2 Sections and Tables,0x00600000,1,0,Mpeg2Data.ax,10.00.22000.0653

WDM Streaming Communication Transforms:
Conversor em T/Entre Coletores,0x00200000,1,1,ksproxy.ax,10.00.22000.0708

Audio Renderers:
Alto-falantes (Realtek(R) Audio),0x00200000,1,0,quartz.dll,10.00.22000.0001
Default DirectSound Device,0x00800000,1,0,quartz.dll,10.00.22000.0001
Default WaveOut Device,0x00200000,1,0,quartz.dll,10.00.22000.0001
DirectSound: Alto-falantes (Realtek(R) Audio),0x00200000,1,0,quartz.dll,10.00.22000.0001


----------------------------
Preferred DirectShow Filters
----------------------------

[HKEY_LOCAL_MACHINE\Software\Microsoft\DirectShow\Preferred]

<media subtype GUID>, [<filter friendly name>, ]<filter CLSID>

MEDIASUBTYPE_DVD_LPCM_AUDIO, Microsoft DTV-DVD Audio Decoder, CLSID_CMPEG2AudDecoderDS
MEDIASUBTYPE_MPEG2_AUDIO, Microsoft DTV-DVD Audio Decoder, CLSID_CMPEG2AudDecoderDS
MEDIASUBTYPE_MPEG2_VIDEO, Microsoft DTV-DVD Video Decoder, CLSID_CMPEG2VidDecoderDS
{78766964-0000-0010-8000-00AA00389B71}, Mpeg4s Decoder DMO, CLSID_CMpeg4sDecMediaObject
{7634706D-0000-0010-8000-00AA00389B71}, Mpeg4s Decoder DMO, CLSID_CMpeg4sDecMediaObject
MEDIASUBTYPE_mp4s, Mpeg4s Decoder DMO, CLSID_CMpeg4sDecMediaObject
{64697678-0000-0010-8000-00AA00389B71}, Mpeg4s Decoder DMO, CLSID_CMpeg4sDecMediaObject
{58564944-0000-0010-8000-00AA00389B71}, Mpeg4s Decoder DMO, CLSID_CMpeg4sDecMediaObject
{5634504D-0000-0010-8000-00AA00389B71}, Mpeg4s Decoder DMO, CLSID_CMpeg4sDecMediaObject
MEDIASUBTYPE_MP4S, Mpeg4s Decoder DMO, CLSID_CMpeg4sDecMediaObject
MEDIASUBTYPE_WMVR, WMVideo Decoder DMO, CLSID_CWMVDecMediaObject
MEDIASUBTYPE_WMVP, WMVideo Decoder DMO, CLSID_CWMVDecMediaObject
{44495658-0000-0010-8000-00AA00389B71}, Mpeg4s Decoder DMO, CLSID_CMpeg4sDecMediaObject
MEDIASUBTYPE_WMVA, WMVideo Decoder DMO, CLSID_CWMVDecMediaObject
MEDIASUBTYPE_mpg4, Mpeg4 Decoder DMO, CLSID_CMpeg4DecMediaObject
MEDIASUBTYPE_MPG4, Mpeg4 Decoder DMO, CLSID_CMpeg4DecMediaObject
MEDIASUBTYPE_h264, Microsoft DTV-DVD Video Decoder, CLSID_CMPEG2VidDecoderDS
MEDIASUBTYPE_H264, Microsoft DTV-DVD Video Decoder, CLSID_CMPEG2VidDecoderDS
MEDIASUBTYPE_WMV3, WMVideo Decoder DMO, CLSID_CWMVDecMediaObject
MEDIASUBTYPE_mp43, Mpeg43 Decoder DMO, CLSID_CMpeg43DecMediaObject
MEDIASUBTYPE_MP43, Mpeg43 Decoder DMO, CLSID_CMpeg43DecMediaObject
MEDIASUBTYPE_m4s2, Mpeg4s Decoder DMO, CLSID_CMpeg4sDecMediaObject
MEDIASUBTYPE_WMV2, WMVideo Decoder DMO, CLSID_CWMVDecMediaObject
MEDIASUBTYPE_MSS2, WMV Screen decoder DMO, CLSID_CMSSCDecMediaObject



MEDIASUBTYPE_M4S2, Mpeg4s Decoder DMO, CLSID_CMpeg4sDecMediaObject
MEDIASUBTYPE_WVP2, WMVideo Decoder DMO, CLSID_CWMVDecMediaObject
MEDIASUBTYPE_mp42, Mpeg4 Decoder DMO, CLSID_CMpeg4DecMediaObject
MEDIASUBTYPE_MP42, Mpeg4 Decoder DMO, CLSID_CMpeg4DecMediaObject
MEDIASUBTYPE_WMV1, WMVideo Decoder DMO, CLSID_CWMVDecMediaObject
MEDIASUBTYPE_MSS1, WMV Screen decoder DMO, CLSID_CMSSCDecMediaObject
MEDIASUBTYPE_WVC1, WMVideo Decoder DMO, CLSID_CWMVDecMediaObject
MEDIASUBTYPE_AVC1, Microsoft DTV-DVD Video Decoder, CLSID_CMPEG2VidDecoderDS
MEDIASUBTYPE_MPEG_LOAS, Microsoft DTV-DVD Audio Decoder, CLSID_CMPEG2AudDecoderDS
MEDIASUBTYPE_MPEG_ADTS_AAC, Microsoft DTV-DVD Audio Decoder, CLSID_CMPEG2AudDecoderDS
MEDIASUBTYPE_WMAUDIO_LOSSLESS, WMAudio Decoder DMO, CLSID_CWMADecMediaObject
MEDIASUBTYPE_WMAUDIO3, WMAudio Decoder DMO, CLSID_CWMADecMediaObject
WMMEDIASUBTYPE_WMAudioV8, WMAudio Decoder DMO, CLSID_CWMADecMediaObject
MEDIASUBTYPE_MSAUDIO1, WMAudio Decoder DMO, CLSID_CWMADecMediaObject
MEDIASUBTYPE_RAW_AAC1, Microsoft DTV-DVD Audio Decoder, CLSID_CMPEG2AudDecoderDS
WMMEDIASUBTYPE_MP3, MP3 Decoder DMO, CLSID_CMP3DecMediaObject
MEDIASUBTYPE_MPEG1Payload, MPEG Video Decoder, CLSID_CMpegVideoCodec
MEDIASUBTYPE_MPEG1Packet, MPEG Video Decoder, CLSID_CMpegVideoCodec
{6C737664-0000-0010-8000-00AA00389B71}, DV Video Decoder, CLSID_DVVideoCodec
{64737664-0000-0010-8000-00AA00389B71}, DV Video Decoder, CLSID_DVVideoCodec
{64687664-0000-0010-8000-00AA00389B71}, DV Video Decoder, CLSID_DVVideoCodec
MEDIASUBTYPE_MJPG, MJPEG Decompressor, CLSID_MjpegDec
{20637664-0000-0010-8000-00AA00389B71}, DV Video Decoder, CLSID_DVVideoCodec
MEDIASUBTYPE_MPEG1AudioPayload, MPEG Audio Decoder, CLSID_CMpegAudioCodec
WMMEDIASUBTYPE_WMSP2, WMSpeech Decoder DMO, CLSID_CWMSPDecMediaObject
WMMEDIASUBTYPE_WMSP1, WMSpeech Decoder DMO, CLSID_CWMSPDecMediaObject


---------------------------
Media Foundation File Versions
---------------------------

  mfcore.dll, 10.00.22000.0978
  mfreadwrite.dll, 10.00.22000.0001
  mfcaptureengine.dll, 10.00.22000.0653
  mfsensorgroup.dll, 10.00.22000.0708
  windows.media.dll, 10.00.22000.0918
  frameserver.dll, 10.00.22000.0708
  frameserverclient.dll, 10.00.22000.0708


---------------------------
Media Foundation Transforms
---------------------------

[HKEY_LOCAL_MACHINE\Software\Classes\MediaFoundation\Transforms]

<category>:
  <transform friendly name>, <transform CLSID>, <flags>, [<merit>, ]<file name>, <file version>

Video Decoders:
  Intel® Hardware M-JPEG Decoder MFT, {00C69F81-0524-48C0-A353-4DD9D54F9A6E}, 0x6, 7, mfx_mft_mjpgvd_64.dll, 22.01.0031.0372
  Intel® Hardware M-JPEG Decoder MFT, {00C69F81-0524-48C0-A353-4DD9D54F9A6E}, 0x6, 7, mfx_mft_mjpgvd_64.dll, 22.01.0031.0372
  Microsoft MPEG Video Decoder MFT, {2D709E52-123F-49B5-9CBC-9AF5CDE28FB9}, 0x1, msmpeg2vdec.dll, 10.00.22000.0978
  DV Decoder MFT, {404A6DE5-D4D6-4260-9BC7-5A6CBD882432}, 0x1, mfdvdec.dll, 10.00.22000.0653
  Mpeg4s Decoder MFT, CLSID_CMpeg4sDecMFT, 0x1, mp4sdecd.dll, 10.00.22000.0001
  Microsoft H264 Video Decoder MFT, CLSID_CMSH264DecoderMFT, 0x1, msmpeg2vdec.dll, 10.00.22000.0978
  WMV Screen decoder MFT, CLSID_CMSSCDecMediaObject, 0x1, wmvsdecd.dll, 10.00.22000.0653
  WMVideo Decoder MFT, CLSID_CWMVDecMediaObject, 0x1, wmvdecod.dll, 10.00.22000.0120
  MJPEG Decoder MFT, {CB17E772-E1CC-4633-8450-5617AF577905}, 0x1, mfmjpegdec.dll, 10.00.22000.0653
  Mpeg43 Decoder MFT, CLSID_CMpeg43DecMediaObject, 0x1, mp43decd.dll, 10.00.22000.0653
  Mpeg4 Decoder MFT, CLSID_CMpeg4DecMediaObject, 0x1, mpg4decd.dll, 10.00.22000.0653
  WebpImageExtension
  HEIFImageExtension
  VP9VideoExtensionDecoder
  AV1VideoExtension
Video Encoders:
  Intel® Quick Sync Video H.264 Encoder MFT, {4BE8D3C0-0515-4A37-AD55-E4BAE19AF471}, 0x4, 7, mfx_mft_h264ve_64.dll, 22.01.0031.0372
  Intel® Hardware Accelerated AV1 Encoder MFT, {62C053CE-5357-4794-8C5A-FBEFFEFFB82D}, 0x4, 7, mfx_mft_av1hve_64.dll, 22.01.0031.0372



  Intel® Hardware H265 Encoder MFT, {BC10864D-2B34-408F-912A-102B1B867B6C}, 0x4, 7, mfx_mft_h265ve_64.dll, 22.01.0031.0372
  Intel® Hardware VP9 Encoder MFT, {D186A626-77CA-4D80-942F-61E0A5111AFE}, 0x4, 7, mfx_mft_vp9ve_64.dll, 22.01.0031.0372
  Intel® Quick Sync Video H.264 Encoder MFT, {4BE8D3C0-0515-4A37-AD55-E4BAE19AF471}, 0x4, 7, mfx_mft_h264ve_64.dll, 22.01.0031.0372
  Intel® Hardware Accelerated AV1 Encoder MFT, {62C053CE-5357-4794-8C5A-FBEFFEFFB82D}, 0x4, 7, mfx_mft_av1hve_64.dll, 22.01.0031.0372
  Intel® Hardware H265 Encoder MFT, {BC10864D-2B34-408F-912A-102B1B867B6C}, 0x4, 7, mfx_mft_h265ve_64.dll, 22.01.0031.0372
  Intel® Hardware VP9 Encoder MFT, {D186A626-77CA-4D80-942F-61E0A5111AFE}, 0x4, 7, mfx_mft_vp9ve_64.dll, 22.01.0031.0372
  H264 Encoder MFT, {6CA50344-051A-4DED-9779-A43305165E35}, 0x1, mfh264enc.dll, 10.00.22000.0778
  WMVideo8 Encoder MFT, CLSID_CWMVXEncMediaObject, 0x1, wmvxencd.dll, 10.00.22000.0653
  H263 Encoder MFT, {BC47FCFE-98A0-4F27-BB07-698AF24F2B38}, 0x1, mfh263enc.dll, 10.00.22000.0653
  WMVideo9 Encoder MFT, CLSID_CWMV9EncMediaObject, 0x1, wmvencod.dll, 10.00.22000.0653
  Microsoft MPEG-2 Video Encoder MFT, {E6335F02-80B7-4DC4-ADFA-DFE7210D20D5}, 0x2, msmpeg2enc.dll, 10.00.22000.0708
  HEIFImageExtension
  VP9VideoExtensionEncoder
Video Effects:
  Frame Rate Converter, CLSID_CFrameRateConvertDmo, 0x1, mfvdsp.dll, 10.00.22000.0653
  Resizer MFT, CLSID_CResizerDMO, 0x1, vidreszr.dll, 10.00.22000.0653
  VideoStabilization MFT, {51571744-7FE4-4FF2-A498-2DC34FF74F1B}, 0x1, MSVideoDSP.dll, 10.00.22000.0653
  Color Control, CLSID_CColorControlDmo, 0x1, mfvdsp.dll, 10.00.22000.0653
  Color Converter MFT, CLSID_CColorConvertDMO, 0x1, colorcnv.dll, 10.00.22000.0071
Video Processor:
  Microsoft Video Processor MFT, {88753B26-5B24-49BD-B2E7-0C445C78C982}, 0x1, msvproc.dll, 10.00.22000.0832
Audio Decoders:
  Microsoft Dolby Digital Plus Decoder MFT, {177C0AFE-900B-48D4-9E4C-57ADD250B3D4}, 0x1, DolbyDecMFT.dll, 10.00.22000.0978
  MS AMRNB Decoder MFT, {265011AE-5481-4F77-A295-ABB6FFE8D63E}, 0x1, MSAMRNBDecoder.dll, 10.00.22000.0708
  WMAudio Decoder MFT, CLSID_CWMADecMediaObject, 0x1, WMADMOD.DLL, 10.00.22000.0120
  Microsoft AAC Audio Decoder MFT, CLSID_CMSAACDecMFT, 0x1, MSAudDecMFT.dll, 10.00.22000.0918
  A-law Wrapper MFT, {36CB6E0C-78C1-42B2-9943-846262F31786}, 0x1, mfcore.dll, 10.00.22000.0978
  GSM ACM Wrapper MFT, {4A76B469-7B66-4DD4-BA2D-DDF244C766DC}, 0x1, mfcore.dll, 10.00.22000.0978
  WMAPro over S/PDIF MFT, CLSID_CWMAudioSpdTxDMO, 0x1, WMADMOD.DLL, 10.00.22000.0120
  Microsoft Opus Audio Decoder MFT, {63E17C10-2D43-4C42-8FE3-8D8B63E46A6A}, 0x1, MSOpusDecoder.dll, 10.00.22000.0653
  Microsoft FLAC Audio Decoder MFT, {6B0B3E6B-A2C5-4514-8055-AFE8A95242D9}, 0x1, MSFlacDecoder.dll, 10.00.22000.0653
  Microsoft MPEG Audio Decoder MFT, {70707B39-B2CA-4015-ABEA-F8447D22D88B}, 0x1, MSAudDecMFT.dll, 10.00.22000.0918
  WMSpeech Decoder DMO, CLSID_CWMSPDecMediaObject, 0x1, WMSPDMOD.DLL, 10.00.22000.0653
  G711 Wrapper MFT, {92B66080-5E2D-449E-90C4-C41F268E5514}, 0x1, mfcore.dll, 10.00.22000.0978
  IMA ADPCM ACM Wrapper MFT, {A16E1BFF-A80D-48AD-AECD-A35C005685FE}, 0x1, mfcore.dll, 10.00.22000.0978
  MP3 Decoder MFT, CLSID_CMP3DecMediaObject, 0x1, mp3dmod.dll, 10.00.22000.0001
  Microsoft ALAC Audio Decoder MFT, {C0CD7D12-31FC-4BBC-B363-7322EE3E1879}, 0x1, MSAlacDecoder.dll, 10.00.22000.0653
  ADPCM ACM Wrapper MFT, {CA34FE0A-5722-43AD-AF23-05F7650257DD}, 0x1, mfcore.dll, 10.00.22000.0978
  Dolby TrueHD IEC-61937 converter MFT, {CF5EEEDF-0E92-4B3B-A161-BD0FFE545E4B}, 0x1, mfaudiocnv.dll, 10.00.22000.0653
  DTS IEC-61937 converter MFT, {D035E24C-C877-42D7-A795-2A8A339B472F}, 0x1, mfaudiocnv.dll, 10.00.22000.0653
Audio Encoders:
  LPCM DVD-Audio MFT, {068A8476-9229-4CC0-9D49-2FC699DCD30A}, 0x1, mfaudiocnv.dll, 10.00.22000.0653
  MP3 Encoder ACM Wrapper MFT, {11103421-354C-4CCA-A7A3-1AFF9A5B6701}, 0x1, mfcore.dll, 10.00.22000.0978
  Microsoft FLAC Audio Encoder MFT, {128509E9-C44E-45DC-95E9-C255B8F466A6}, 0x1, MSFlacEncoder.dll, 10.00.22000.0653



  WM Speech Encoder DMO, CLSID_CWMSPEncMediaObject2, 0x1, WMSPDMOE.DLL, 10.00.22000.0653
  MS AMRNB Encoder MFT, {2FAE8AFE-04A3-423A-A814-85DB454712B0}, 0x1, MSAMRNBEncoder.dll, 10.00.22000.0653
  Microsoft MPEG-2 Audio Encoder MFT, {46A4DD5C-73F8-4304-94DF-308F760974F4}, 0x1, msmpeg2enc.dll, 10.00.22000.0708
  WMAudio Encoder MFT, CLSID_CWMAEncMediaObject, 0x1, WMADMOE.DLL, 10.00.22000.0001
  Microsoft AAC Audio Encoder MFT, {93AF0C51-2275-45D2-A35B-F2BA21CAED00}, 0x1, mfAACEnc.dll, 10.00.22000.0653
  Microsoft ALAC Audio Encoder MFT, {9AB6A28C-748E-4B6A-BFFF-CC443B8E8FB4}, 0x1, MSAlacEncoder.dll, 10.00.22000.0653
  Microsoft Dolby Digital Encoder MFT, {AC3315C9-F481-45D7-826C-0B406C1F64B8}, 0x1, msac3enc.dll, 10.00.22000.0708
Audio Effects:
  AEC, CLSID_CWMAudioAEC, 0x1, mfwmaaec.dll, 10.00.22000.0653
  Resampler MFT, CLSID_CResamplerMediaObject, 0x1, resampledmo.dll, 10.00.22000.0001
Multiplexers:
  Microsoft MPEG2 Multiplexer MFT, {AB300F71-01AB-46D2-AB6C-64906CB03258}, 0x2, mfmpeg2srcsnk.dll, 10.00.22000.0832
Others:
  Microsoft H264 Video Remux (MPEG2TSToMP4) MFT, {05A47EBB-8BF0-4CBF-AD2F-3B71D75866F5}, 0x1, msmpeg2vdec.dll, 10.00.22000.0978


--------------------------------------------
Media Foundation Enabled Hardware Categories
--------------------------------------------

[HKEY_LOCAL_MACHINE\Software\Microsoft\Windows Media Foundation\HardwareMFT]

EnableEncoders = 1
EnableDecoders = 1


-------------------------------------
Media Foundation Byte Stream Handlers
-------------------------------------

[HKEY_LOCAL_MACHINE\Software\Microsoft\Windows Media Foundation\ByteStreamHandlers]
[HKEY_LOCAL_MACHINE\Software\Classes\MediaFoundation\MediaSources\Preferred]

<file ext. or MIME type>, <handler CLSID>, <brief description>[, Preferred]

.3g2, {271C3902-6095-4C45-A22F-20091816EE9E}, MPEG4 Byte Stream Handler, Preferred
.3gp, {271C3902-6095-4C45-A22F-20091816EE9E}, MPEG4 Byte Stream Handler, Preferred
.3gp2, {271C3902-6095-4C45-A22F-20091816EE9E}, MPEG4 Byte Stream Handler, Preferred
.3gpp, {271C3902-6095-4C45-A22F-20091816EE9E}, MPEG4 Byte Stream Handler, Preferred
.aac, {926F41F7-003E-4382-9E84-9E953BE10562}, ADTS Byte Stream Handler, Preferred
.ac3, {46031BA1-083F-47D9-8369-23C92BDAB2FF}, AC-3 Byte Stream Handler, Preferred
.adt, {926F41F7-003E-4382-9E84-9E953BE10562}, ADTS Byte Stream Handler, Preferred
.adts, {926F41F7-003E-4382-9E84-9E953BE10562}, ADTS Byte Stream Handler, Preferred
.am?, {EFE6208A-0A2C-49FA-8A01-3768B559B6DA}, MF AMRNB Media Source ByteStreamHandler
.amr, {EFE6208A-0A2C-49FA-8A01-3768B559B6DA}, MF AMRNB Media Source ByteStreamHandler, Preferred
.asf, {41457294-644C-4298-A28A-BD69F2C0CF3B}, ASF Byte Stream Handler, Preferred
.avi, {7AFA253E-F823-42F6-A5D9-714BDE467412}, AVI Byte Stream Handler, Preferred
.dvr-ms, {A8721937-E2FB-4D7A-A9EE-4EB08C890B6E}, MF SBE Source ByteStreamHandler
.dvr-ms, {65964407-A5D8-4060-85B0-1CCD63F768E2}, dvr-ms Byte Stream Handler, Preferred
.ec3, {46031BA1-083F-47D9-8369-23C92BDAB2FF}, AC-3 Byte Stream Handler, Preferred
.flac, {0E41CFB8-0506-40F4-A516-77CC23642D91}, MF FLAC Media Source ByteStreamHandler, Preferred
.m2t, {40871C59-AB40-471F-8DC3-1F259D862479}, MPEG2 Byte Stream Handler, Preferred
.m2ts, {40871C59-AB40-471F-8DC3-1F259D862479}, MPEG2 Byte Stream Handler, Preferred
.m4a, {271C3902-6095-4C45-A22F-20091816EE9E}, MPEG4 Byte Stream Handler, Preferred
.m4v, {271C3902-6095-4C45-A22F-20091816EE9E}, MPEG4 Byte Stream Handler, Preferred
.mk3d, {1F9A2C18-D89E-463E-B4F4-BB90152ACC64}, MKV Byte Stream Handler, Preferred
.mka, {1F9A2C18-D89E-463E-B4F4-BB90152ACC64}, MKV Byte Stream Handler, Preferred
.mks, {1F9A2C18-D89E-463E-B4F4-BB90152ACC64}, MKV Byte Stream Handler, Preferred
.mkv, {1F9A2C18-D89E-463E-B4F4-BB90152ACC64}, MKV Byte Stream Handler, Preferred
.mod, {40871C59-AB40-471F-8DC3-1F259D862479}, MPEG2 Byte Stream Handler, Preferred
.mov, {271C3902-6095-4C45-A22F-20091816EE9E}, MPEG4 Byte Stream Handler, Preferred



.mp2v, {40871C59-AB40-471F-8DC3-1F259D862479}, MPEG2 Byte Stream Handler, Preferred
.mp3, {A82E50BA-8E92-41EB-9DF2-433F50EC2993}, MP3 Byte Stream Handler, Preferred
.mp4, {271C3902-6095-4C45-A22F-20091816EE9E}, MPEG4 Byte Stream Handler, Preferred
.mp4v, {271C3902-6095-4C45-A22F-20091816EE9E}, MPEG4 Byte Stream Handler, Preferred
.mpa, {A82E50BA-8E92-41EB-9DF2-433F50EC2993}, MP3 Byte Stream Handler, Preferred
.mpeg, {40871C59-AB40-471F-8DC3-1F259D862479}, MPEG2 Byte Stream Handler, Preferred
.mpg, {40871C59-AB40-471F-8DC3-1F259D862479}, MPEG2 Byte Stream Handler, Preferred
.mts, {40871C59-AB40-471F-8DC3-1F259D862479}, MPEG2 Byte Stream Handler, Preferred
.nsc, {B084785C-DDE0-4D30-8CA8-05A373E185BE}, NSC Byte Stream Handler, Preferred
.sami, {7A56C4CB-D678-4188-85A8-BA2EF68FA10D}, SAMI Byte Stream Handler, Preferred
.smi, {7A56C4CB-D678-4188-85A8-BA2EF68FA10D}, SAMI Byte Stream Handler, Preferred
.tod, {40871C59-AB40-471F-8DC3-1F259D862479}, MPEG2 Byte Stream Handler, Preferred
.ts, {40871C59-AB40-471F-8DC3-1F259D862479}, MPEG2 Byte Stream Handler, Preferred
.tts, {40871C59-AB40-471F-8DC3-1F259D862479}, MPEG2 Byte Stream Handler, Preferred
.uvu, {271C3902-6095-4C45-A22F-20091816EE9E}, MPEG4 Byte Stream Handler, Preferred
.vob, {40871C59-AB40-471F-8DC3-1F259D862479}, MPEG2 Byte Stream Handler, Preferred
.wav, {42C9B9F5-16FC-47EF-AF22-DA05F7C842E3}, WAV Byte Stream Handler, Preferred
.weba, {1F9A2C18-D89E-463E-B4F4-BB90152ACC64}, WEBM Byte Stream Handler, Preferred
.webm, {1F9A2C18-D89E-463E-B4F4-BB90152ACC64}, WEBM Byte Stream Handler, Preferred
.wm, {41457294-644C-4298-A28A-BD69F2C0CF3B}, ASF Byte Stream Handler, Preferred
.wma, {41457294-644C-4298-A28A-BD69F2C0CF3B}, ASF Byte Stream Handler, Preferred
.wmv, {41457294-644C-4298-A28A-BD69F2C0CF3B}, ASF Byte Stream Handler, Preferred
.wtv, {65964407-A5D8-4060-85B0-1CCD63F768E2}, WTV Byte Stream Handler, Preferred
audio/3gpp, {271C3902-6095-4C45-A22F-20091816EE9E}, MPEG4 Byte Stream Handler, Preferred
audio/3gpp2, {271C3902-6095-4C45-A22F-20091816EE9E}, MPEG4 Byte Stream Handler, Preferred
audio/aac, {926F41F7-003E-4382-9E84-9E953BE10562}, ADTS Byte Stream Handler, Preferred
audio/aacp, {926F41F7-003E-4382-9E84-9E953BE10562}, ADTS Byte Stream Handler, Preferred
audio/eac3, {46031BA1-083F-47D9-8369-23C92BDAB2FF}, AC-3 Byte Stream Handler, Preferred
audio/flac, {0E41CFB8-0506-40F4-A516-77CC23642D91}, MF FLAC Media Source ByteStreamHandler, Preferred
audio/L16, {3FFB3B8C-EB99-472B-8902-E1C1B05F07CF}, LPCM Byte Stream Handler, Preferred
audio/mp3, {A82E50BA-8E92-41EB-9DF2-433F50EC2993}, MP3 Byte Stream Handler, Preferred
audio/mp4, {271C3902-6095-4C45-A22F-20091816EE9E}, MPEG4 Byte Stream Handler, Preferred
audio/MP4A-LATM, {271C3902-6095-4C45-A22F-20091816EE9E}, MPEG4 Byte Stream Handler, Preferred
audio/mpa, {A82E50BA-8E92-41EB-9DF2-433F50EC2993}, MP3 Byte Stream Handler, Preferred
audio/mpeg, {A82E50BA-8E92-41EB-9DF2-433F50EC2993}, MP3 Byte Stream Handler, Preferred
audio/mpeg3, {A82E50BA-8E92-41EB-9DF2-433F50EC2993}, MP3 Byte Stream Handler, Preferred
audio/vnd.dlna.adts, {926F41F7-003E-4382-9E84-9E953BE10562}, ADTS Byte Stream Handler, Preferred
audio/vnd.dolby.dd-raw, {46031BA1-083F-47D9-8369-23C92BDAB2FF}, AC-3 Byte Stream Handler, Preferred
audio/wav, {42C9B9F5-16FC-47EF-AF22-DA05F7C842E3}, WAV Byte Stream Handler, Preferred
audio/webm, {1F9A2C18-D89E-463E-B4F4-BB90152ACC64}, WEBM Byte Stream Handler, Preferred
audio/x-aac, {926F41F7-003E-4382-9E84-9E953BE10562}, ADTS Byte Stream Handler, Preferred
audio/x-flac, {0E41CFB8-0506-40F4-A516-77CC23642D91}, MF FLAC Media Source ByteStreamHandler, Preferred
audio/x-m4a, {271C3902-6095-4C45-A22F-20091816EE9E}, MPEG4 Byte Stream Handler, Preferred
audio/x-matroska, {1F9A2C18-D89E-463E-B4F4-BB90152ACC64}, MKV Byte Stream Handler, Preferred
audio/x-mp3, {A82E50BA-8E92-41EB-9DF2-433F50EC2993}, MP3 Byte Stream Handler, Preferred
audio/x-mpeg, {A82E50BA-8E92-41EB-9DF2-433F50EC2993}, MP3 Byte Stream Handler, Preferred



audio/x-ms-wma, {41457294-644C-4298-A28A-BD69F2C0CF3B}, ASF Byte Stream Handler, Preferred
audio/x-wav, {42C9B9F5-16FC-47EF-AF22-DA05F7C842E3}, WAV Byte Stream Handler, Preferred
video/3gpp, {271C3902-6095-4C45-A22F-20091816EE9E}, MPEG4 Byte Stream Handler, Preferred
video/3gpp2, {271C3902-6095-4C45-A22F-20091816EE9E}, MPEG4 Byte Stream Handler, Preferred
video/avi, {7AFA253E-F823-42F6-A5D9-714BDE467412}, AVI Byte Stream Handler, Preferred
video/mp4, {271C3902-6095-4C45-A22F-20091816EE9E}, MPEG4 Byte Stream Handler, Preferred
video/mpeg, {40871C59-AB40-471F-8DC3-1F259D862479}, MPEG2 Byte Stream Handler, Preferred
video/msvideo, {7AFA253E-F823-42F6-A5D9-714BDE467412}, AVI Byte Stream Handler, Preferred
video/vnd.dece.mp4, {271C3902-6095-4C45-A22F-20091816EE9E}, MPEG4 Byte Stream Handler, Preferred
video/vnd.dlna.mpeg-tts, {40871C59-AB40-471F-8DC3-1F259D862479}, MPEG2 Byte Stream Handler, Preferred
video/webm, {1F9A2C18-D89E-463E-B4F4-BB90152ACC64}, WEBM Byte Stream Handler, Preferred
video/x-m4v, {271C3902-6095-4C45-A22F-20091816EE9E}, MPEG4 Byte Stream Handler, Preferred
video/x-matroska, {1F9A2C18-D89E-463E-B4F4-BB90152ACC64}, MKV Byte Stream Handler, Preferred
video/x-ms-asf, {41457294-644C-4298-A28A-BD69F2C0CF3B}, ASF Byte Stream Handler, Preferred
video/x-ms-wm, {41457294-644C-4298-A28A-BD69F2C0CF3B}, ASF Byte Stream Handler, Preferred
video/x-ms-wmv, {41457294-644C-4298-A28A-BD69F2C0CF3B}, ASF Byte Stream Handler, Preferred
video/x-msvideo, {7AFA253E-F823-42F6-A5D9-714BDE467412}, AVI Byte Stream Handler, Preferred


--------------------------------
Media Foundation Scheme Handlers
--------------------------------

[HKEY_LOCAL_MACHINE\Software\Microsoft\Windows Media Foundation\SchemeHandlers]
[HKEY_LOCAL_MACHINE\Software\Classes\MediaFoundation\MediaSources\Preferred]

<URL type>, <handler CLSID>, <brief description>[, Preferred]

file:, {477EC299-1421-4BDD-971F-7CCB933F21AD}, File Scheme Handler, Preferred
http:, {44CB442B-9DA9-49DF-B3FD-023777B16E50}, Http Scheme Handler
http:, {9EC4B4F9-3029-45AD-947B-344DE2A249E2}, Urlmon Scheme Handler
http:, {E9F4EBAB-D97B-463E-A2B1-C54EE3F9414D}, Net Scheme Handler, Preferred
httpd:, {44CB442B-9DA9-49DF-B3FD-023777B16E50}, Http Scheme Handler, Preferred
https:, {37A61C8B-7F8E-4D08-B12B-248D73E9AB4F}, Secure Http Scheme Handler, Preferred
httpsd:, {37A61C8B-7F8E-4D08-B12B-248D73E9AB4F}, Secure Http Scheme Handler, Preferred
httpt:, {E9F4EBAB-D97B-463E-A2B1-C54EE3F9414D}, Net Scheme Handler, Preferred
httpu:, {E9F4EBAB-D97B-463E-A2B1-C54EE3F9414D}, Net Scheme Handler, Preferred
mcast:, {E9F4EBAB-D97B-463E-A2B1-C54EE3F9414D}, Net Scheme Handler, Preferred
mcrecv:, {FA6D33D4-9405-4BA5-9983-12604AC8E77A}, Miracast Sink Scheme Handler, Preferred
mms:, {E9F4EBAB-D97B-463E-A2B1-C54EE3F9414D}, Net Scheme Handler, Preferred
ms-appdata:, {CFC81939-3886-4ACF-9692-DA58037AE716}, MsAppData Scheme Handler, Preferred
ms-appx-web:, {8DB0224B-3D65-4F6F-8E12-BEB4B78B8974}, MsAppxWeb Scheme Handler, Preferred
ms-appx:, {8DB0224B-3D65-4F6F-8E12-BEB4B78B8974}, MsAppx Scheme Handler, Preferred
ms-winsoundevent:, {F79A6BF9-7415-4CF3-AE10-4559509ABC3C}, Sound Event Scheme Handler, Preferred
rtsp:, {E9F4EBAB-D97B-463E-A2B1-C54EE3F9414D}, Net Scheme Handler, Preferred
rtsps:, {E9F4EBAB-D97B-463E-A2B1-C54EE3F9414D}, Net Scheme Handler, Preferred
rtspt:, {E9F4EBAB-D97B-463E-A2B1-C54EE3F9414D}, Net Scheme Handler, Preferred
rtspu:, {E9F4EBAB-D97B-463E-A2B1-C54EE3F9414D}, Net Scheme Handler, Preferred
sdp:, {E9F4EBAB-D97B-463E-A2B1-C54EE3F9414D}, Net Scheme Handler, Preferred


-------------------------------------
Preferred Media Foundation Transforms
-------------------------------------

[HKEY_LOCAL_MACHINE\Software\Classes\MediaFoundation\Transforms\Preferred]

<media subtype GUID>, [<transform friendly name>, ]<transform CLSID>

{EB27CEC4-163E-4CA3-8B74-8E25F91B517E}, Dolby TrueHD IEC-61937 converter MFT, {CF5EEEDF-0E92-4B3B-A161-BD0FFE545E4B}



{E06D8033-DB46-11CF-B4D1-00805F6CBBEA}, DTS IEC-61937 converter MFT, {D035E24C-C877-42D7-A795-2A8A339B472F}
{E06D802C-DB46-11CF-B4D1-00805F6CBBEA}, Microsoft Dolby Digital Plus Decoder MFT, {177C0AFE-900B-48D4-9E4C-57ADD250B3D4}
MFVideoFormat_MPEG2, Microsoft MPEG Video Decoder MFT, {2D709E52-123F-49B5-9CBC-9AF5CDE28FB9}
{C2FE6F0A-4E3C-4DF1-9B60-50863091E4B9}, DTS IEC-61937 converter MFT, {D035E24C-C877-42D7-A795-2A8A339B472F}
MEDIASUBTYPE_DOLBY_DDPLUS, Microsoft Dolby Digital Plus Decoder MFT, {177C0AFE-900B-48D4-9E4C-57ADD250B3D4}
{A61AC364-AD0E-4744-89FF-213CE0DF8804}, DTS IEC-61937 converter MFT, {D035E24C-C877-42D7-A795-2A8A339B472F}
{A2E58EB7-0FA9-48BB-A40C-FA0E156D0645}, DTS IEC-61937 converter MFT, {D035E24C-C877-42D7-A795-2A8A339B472F}
{7634706D-0000-0010-8000-00AA00389B71}, Mpeg4s Decoder MFT, CLSID_CMpeg4sDecMFT
{73616D72-767A-494D-B478-F29D25DC9037}, MS AMRNB Decoder MFT, {265011AE-5481-4F77-A295-ABB6FFE8D63E}
MEDIASUBTYPE_mp4s, Mpeg4s Decoder MFT, CLSID_CMpeg4sDecMFT
MFVideoFormat_DVSL, DV Decoder MFT, {404A6DE5-D4D6-4260-9BC7-5A6CBD882432}
MFVideoFormat_DVSD, DV Decoder MFT, {404A6DE5-D4D6-4260-9BC7-5A6CBD882432}
MFVideoFormat_DVHD, DV Decoder MFT, {404A6DE5-D4D6-4260-9BC7-5A6CBD882432}
{63616C61-0000-0010-8000-00AA00389B71}, Microsoft ALAC Audio Decoder MFT, {C0CD7D12-31FC-4BBC-B363-7322EE3E1879}
MFVideoFormat_MP4V, Mpeg4s Decoder MFT, CLSID_CMpeg4sDecMFT
MFVideoFormat_MP4S, Mpeg4s Decoder MFT, CLSID_CMpeg4sDecMFT
{53314356-0000-0010-8000-00AA00389B71}, WMVideo Decoder MFT, CLSID_CWMVDecMediaObject
MEDIASUBTYPE_WMVR, WMVideo Decoder MFT, CLSID_CWMVDecMediaObject
MEDIASUBTYPE_WMVP, WMVideo Decoder MFT, CLSID_CWMVDecMediaObject
MFVideoFormat_MJPG, MJPEG Decoder MFT, {CB17E772-E1CC-4633-8450-5617AF577905}
MEDIASUBTYPE_WMVA, WMVideo Decoder MFT, CLSID_CWMVDecMediaObject
{3F40F4F0-5622-4FF8-B6D8-A17A584BEE5E}, Microsoft H264 Video Decoder MFT, CLSID_CMSH264DecoderMFT
MEDIASUBTYPE_mpg4, Mpeg4 Decoder MFT, CLSID_CMpeg4DecMediaObject
MEDIASUBTYPE_MPG4, Mpeg4 Decoder MFT, CLSID_CMpeg4DecMediaObject
MFVideoFormat_H264, Microsoft H264 Video Decoder MFT, CLSID_CMSH264DecoderMFT
MFVideoFormat_WMV3, WMVideo Decoder MFT, CLSID_CWMVDecMediaObject
{33363248-0000-0010-8000-00AA00389B71}, Mpeg4s Decoder MFT, CLSID_CMpeg4sDecMFT
MEDIASUBTYPE_mp43, Mpeg43 Decoder MFT, CLSID_CMpeg43DecMediaObject
MFVideoFormat_MP43, Mpeg43 Decoder MFT, CLSID_CMpeg43DecMediaObject
MEDIASUBTYPE_m4s2, Mpeg4s Decoder MFT, CLSID_CMpeg4sDecMFT
MFVideoFormat_WMV2, WMVideo Decoder MFT, CLSID_CWMVDecMediaObject
MFVideoFormat_MSS2, WMV Screen decoder MFT, CLSID_CMSSCDecMediaObject
MFVideoFormat_M4S2, Mpeg4s Decoder MFT, CLSID_CMpeg4sDecMFT
MEDIASUBTYPE_WVP2, WMVideo Decoder MFT, CLSID_CWMVDecMediaObject
MEDIASUBTYPE_mp42, Mpeg4 Decoder MFT, CLSID_CMpeg4DecMediaObject
MEDIASUBTYPE_MP42, Mpeg4 Decoder MFT, CLSID_CMpeg4DecMediaObject
MFVideoFormat_WMV1, WMVideo Decoder MFT, CLSID_CWMVDecMediaObject
MFVideoFormat_MSS1, WMV Screen decoder MFT, CLSID_CMSSCDecMediaObject
MFVideoFormat_MPG1, Microsoft MPEG Video Decoder MFT, {2D709E52-123F-49B5-9CBC-9AF5CDE28FB9}
MFVideoFormat_WVC1, WMVideo Decoder MFT, CLSID_CWMVDecMediaObject
MFVideoFormat_DVC, DV Decoder MFT, {404A6DE5-D4D6-4260-9BC7-5A6CBD882432}
{0000F1AC-0000-0010-8000-00AA00389B71}, Microsoft FLAC Audio Decoder MFT, {6B0B3E6B-A2C5-4514-8055-AFE8A95242D9}
{00007361-0000-0010-8000-00AA00389B71}, MS AMRNB Decoder MFT, {265011AE-5481-4F77-A295-ABB6FFE8D63E}
{0000704F-0000-0010-8000-00AA00389B71}, Microsoft Opus Audio Decoder MFT, {63E17C10-2D43-4C42-8FE3-8D8B63E46A6A}
{00006C61-0000-0010-8000-00AA00389B71}, Microsoft ALAC Audio Decoder MFT, {C0CD7D12-31FC-4BBC-B363-7322EE3E1879}
{00002001-0000-0010-8000-00AA00389B71}, DTS IEC-61937 converter MFT, {D035E24C-C877-42D7-A795-2A8A339B472F}
{00002000-0000-0010-8000-00AA00389B71}, Microsoft Dolby Digital Plus Decoder MFT, {177C0AFE-900B-48D4-9E4C-57ADD250B3D4}
MFAudioFormat_AAC, Microsoft AAC Audio Decoder MFT, CLSID_CMSAACDecMFT
MFAudioFormat_ADTS, Microsoft AAC Audio Decoder MFT, CLSID_CMSAACDecMFT



MFAudioFormat_WMAudio_Lossless, WMAudio Decoder MFT, CLSID_CWMADecMediaObject
MFAudioFormat_WMAudioV9, WMAudio Decoder MFT, CLSID_CWMADecMediaObject
MFAudioFormat_WMAudioV8, WMAudio Decoder MFT, CLSID_CWMADecMediaObject
MEDIASUBTYPE_MSAUDIO1, WMAudio Decoder MFT, CLSID_CWMADecMediaObject
MEDIASUBTYPE_RAW_AAC1, Microsoft AAC Audio Decoder MFT, CLSID_CMSAACDecMFT
MFAudioFormat_MP3, MP3 Decoder MFT, CLSID_CMP3DecMediaObject
MFAudioFormat_MPEG, Microsoft MPEG Audio Decoder MFT, {70707B39-B2CA-4015-ABEA-F8447D22D88B}
{00000031-0000-0010-8000-00AA00389B71}, GSM ACM Wrapper MFT, {4A76B469-7B66-4DD4-BA2D-DDF244C766DC}
{00000011-0000-0010-8000-00AA00389B71}, IMA ADPCM ACM Wrapper MFT, {A16E1BFF-A80D-48AD-AECD-A35C005685FE}
KSDATAFORMAT_SUBTYPE_MULAW, G711 Wrapper MFT, {92B66080-5E2D-449E-90C4-C41F268E5514}
{00000006-0000-0010-8000-00AA00389B71}, A-law Wrapper MFT, {36CB6E0C-78C1-42B2-9943-846262F31786}
KSDATAFORMAT_SUBTYPE_ADPCM, ADPCM ACM Wrapper MFT, {CA34FE0A-5722-43AD-AF23-05F7650257DD}
WMMEDIASUBTYPE_WMSP2, WMSpeech Decoder DMO, CLSID_CWMSPDecMediaObject
MFAudioFormat_MSP1, WMSpeech Decoder DMO, CLSID_CWMSPDecMediaObject


-------------------------------------
Disabled Media Foundation Transforms
-------------------------------------

[HKEY_LOCAL_MACHINE\Software\Classes\MediaFoundation\Transforms\DoNotUse]

<transform CLSID>



------------------------
Disabled Media Sources
------------------------

[HKEY_LOCAL_MACHINE\Software\Classes\MediaFoundation\MediaSources\DoNotUse]

<media source CLSID>


---------------
EVR Power Information
---------------
Current Setting: {651288E5-A7ED-4076-A96B-6CC62D848FE1} (Balanced)
  Quality Flags: 2576
    Enabled:
    Force throttling
    Allow half deinterlace
    Allow scaling
    Decode Power Usage: 100
  Balanced Flags: 1424
    Enabled:
    Force throttling
    Allow batching
    Force half deinterlace
    Force scaling
    Decode Power Usage: 50
  PowerFlags: 1424
    Enabled:
    Force throttling
    Allow batching
    Force half deinterlace
    Force scaling
    Decode Power Usage: 0

---------------
Diagnostics
---------------

Windows Error Reporting:
+++ WER0 +++:
Falha no bucket 1941673842031556978, tipo 5
Nome do Evento: StoreAgentScanForUpdatesFailure0
Resposta: Não disponível
ID do CAB: 0

Assinatura do problema:
P1: Update;
P2: 8024402c
P3: 22000
P4: 978
P5: Windows.Desktop
P6: 
P7: 
P8: 
P9: 
P10: 

Arquivos anexados:
\\?\C:\ProgramData\Microsoft\Windows\WER\Temp\WER.1d14ab31-cac2-4b21-82ab-dc46f9deb50a.tmp.WERInternalMetadata.xml
\\?\C:\ProgramData\Microsoft\Windows\WER\Temp\WER.f95cb083-70f8-47c0-9411-683de74a4969.tmp.xml
\\?\C:\ProgramData\Microsoft\Windows\WER\Temp\WER.c3262632-e9ef-47af-a291-8273e7ec3e02.tmp.csv
\\?\C:\ProgramData\Microsoft\Windows\WER\Temp\WER.771061c6-ed16-48a8-906f-a1e4e6d333ad.tmp.txt

Esses arquivos talvez estejam disponíveis em:
\\?\C:\ProgramData\Microsoft\Windows\WER\ReportArchive\NonCritical_Update;_9228bf1cfa6541aec31e65bc1112c999a7f299f_00000000_5abfb119-898d-4cd5-a56c-837fc41cd71c

Símbolo da análise: 
Verificando novamente se há uma solução: 0
ID do Relatório: 5abfb119-898d-4cd5-a56c-837fc41cd71c
Status do Relatório: 268435556
Bucket com hash: 8b129832db3482792af2361267f57972Guid do CAB: 0
+++ WER1 +++:
Falha no bucket , tipo 0
Nome do Evento: StoreAgentScanForUpdatesFailure0
Resposta: Não disponível
ID do CAB: 0

Assinatura do problema:
P1: Update;
P2: 8024402c
P3: 22000
P4: 978
P5: Windows.Desktop
P6: 
P7: 
P8: 
P9: 
P10: 

Arquivos anexados:
\\?\C:\ProgramData\Microsoft\Windows\WER\Temp\WER.1d14ab31-cac2-4b21-82ab-dc46f9deb50a.tmp.WERInternalMetadata.xml
\\?\C:\ProgramData\Microsoft\Windows\WER\Temp\WER.f95cb083-70f8-47c0-9411-683de74a4969.tmp.xml
\\?\C:\ProgramData\Microsoft\Windows\WER\Temp\WER.c3262632-e9ef-47af-a291-8273e7ec3e02.tmp.csv
\\?\C:\ProgramData\Microsoft\Windows\WER\Temp\WER.771061c6-ed16-48a8-906f-a1e4e6d333ad.tmp.txt

Esses arquivos talvez estejam disponíveis em:



\\?\C:\ProgramData\Microsoft\Windows\WER\ReportQueue\NonCritical_Update;_9228bf1cfa6541aec31e65bc1112c999a7f299f_00000000_cab_5abfb119-898d-4cd5-a56c-837fc41cd71c

Símbolo da análise: 
Verificando novamente se há uma solução: 0
ID do Relatório: 5abfb119-898d-4cd5-a56c-837fc41cd71c
Status do Relatório: 100
Bucket com hash: Guid do CAB: 0
+++ WER2 +++:
Falha no bucket , tipo 0
Nome do Evento: StoreAgentScanForUpdatesFailure0
Resposta: Não disponível
ID do CAB: 0

Assinatura do problema:
P1: Update;
P2: 8024402c
P3: 22000
P4: 978
P5: Windows.Desktop
P6: 
P7: 
P8: 
P9: 
P10: 

Arquivos anexados:
\\?\C:\ProgramData\Microsoft\Windows\WER\Temp\WER.1d14ab31-cac2-4b21-82ab-dc46f9deb50a.tmp.WERInternalMetadata.xml
\\?\C:\ProgramData\Microsoft\Windows\WER\Temp\WER.f95cb083-70f8-47c0-9411-683de74a4969.tmp.xml
\\?\C:\ProgramData\Microsoft\Windows\WER\Temp\WER.c3262632-e9ef-47af-a291-8273e7ec3e02.tmp.csv
\\?\C:\ProgramData\Microsoft\Windows\WER\Temp\WER.771061c6-ed16-48a8-906f-a1e4e6d333ad.tmp.txt

Esses arquivos talvez estejam disponíveis em:
\\?\C:\ProgramData\Microsoft\Windows\WER\ReportQueue\NonCritical_Update;_9228bf1cfa6541aec31e65bc1112c999a7f299f_00000000_cab_5abfb119-898d-4cd5-a56c-837fc41cd71c

Símbolo da análise: 
Verificando novamente se há uma solução: 0
ID do Relatório: 5abfb119-898d-4cd5-a56c-837fc41cd71c
Status do Relatório: 100
Bucket com hash: Guid do CAB: 0
+++ WER3 +++:
Falha no bucket , tipo 0
Nome do Evento: StoreAgentScanForUpdatesFailure0
Resposta: Não disponível
ID do CAB: 0

Assinatura do problema:
P1: Update;
P2: 8024402c
P3: 22000
P4: 978
P5: Windows.Desktop
P6: 
P7: 
P8: 
P9: 
P10: 

Arquivos anexados:
\\?\C:\ProgramData\Microsoft\Windows\WER\Temp\WER.1d14ab31-cac2-4b21-82ab-dc46f9deb50a.tmp.WERInternalMetadata.xml
\\?\C:\ProgramData\Microsoft\Windows\WER\Temp\WER.f95cb083-70f8-47c0-9411-683de74a4969.tmp.xml
\\?\C:\ProgramData\Microsoft\Windows\WER\Temp\WER.c3262632-e9ef-47af-a291-8273e7ec3e02.tmp.csv
\\?\C:\ProgramData\Microsoft\Windows\WER\Temp\WER.771061c6-ed16-48a8-906f-a1e4e6d333ad.tmp.txt

Esses arquivos talvez estejam disponíveis em:
\\?\C:\ProgramData\Microsoft\Windows\WER\ReportQueue\NonCritical_Update;_9228bf1cfa6541aec31e65bc1112c999a7f299f_00000000_cab_5abfb119-898d-4cd5-a56c-837fc41cd71c

Símbolo da análise: 
Verificando novamente se há uma solução: 0
ID do Relatório: 5abfb119-898d-4cd5-a56c-837fc41cd71c
Status do Relatório: 100
Bucket com hash: Guid do CAB: 0
+++ WER4 +++:
Falha no bucket , tipo 0
Nome do Evento: StoreAgentScanForUpdatesFailure0
Resposta: Não disponível
ID do CAB: 0

Assinatura do problema:
P1: Update;
P2: 8024402c
P3: 22000
P4: 978
P5: Windows.Desktop
P6: 
P7: 
P8: 
P9: 
P10: 

Arquivos anexados:
\\?\C:\ProgramData\Microsoft\Windows\WER\Temp\WER.1d14ab31-cac2-4b21-82ab-dc46f9deb50a.tmp.WERInternalMetadata.xml
\\?\C:\ProgramData\Microsoft\Windows\WER\Temp\WER.f95cb083-70f8-47c0-9411-683de74a4969.tmp.xml
\\?\C:\ProgramData\Microsoft\Windows\WER\Temp\WER.c3262632-e9ef-47af-a291-8273e7ec3e02.tmp.csv
\\?\C:\ProgramData\Microsoft\Windows\WER\Temp\WER.771061c6-ed16-48a8-906f-a1e4e6d333ad.tmp.txt

Esses arquivos talvez estejam disponíveis em:
\\?\C:\ProgramData\Microsoft\Windows\WER\ReportQueue\NonCritical_Update;_9228bf1cfa6541aec31e65bc1112c999a7f299f_00000000_cab_5abfb119-898d-4cd5-a56c-837fc41cd71c

Símbolo da análise: 
Verificando novamente se há uma solução: 0
ID do Relatório: 5abfb119-898d-4cd5-a56c-837fc41cd71c
Status do Relatório: 4
Bucket com hash: Guid do CAB: 0
+++ WER5 +++:
Falha no bucket 2149706192998992034, tipo 5
Nome do Evento: RADAR_PRE_LEAK_64
Resposta: Não disponível
ID do CAB: 0

Assinatura do problema:
P1: firefox.exe
P2: 100.0.0.8153
P3: 10.0.22000.2.0.0
P4: 
P5: 
P6: 
P7: 
P8: 
P9: 
P10: 

Arquivos anexados:
\\?\C:\Users\gabri\AppData\Local\Temp\RDRC60C.tmp\empty.txt
\\?\C:\ProgramData\Microsoft\Windows\WER\Temp\WER.0616bbfd-2b1a-481c-8d05-1e6f90e7267c.tmp.WERInternalMetadata.xml



\\?\C:\ProgramData\Microsoft\Windows\WER\Temp\WER.49bbc21c-1042-4d6b-b1b3-6c83327c4a75.tmp.xml
\\?\C:\ProgramData\Microsoft\Windows\WER\Temp\WER.6f9be055-d002-4265-8310-0d0523be0878.tmp.csv
\\?\C:\ProgramData\Microsoft\Windows\WER\Temp\WER.5c991593-40ac-4a09-9304-96efb87da399.tmp.txt

Esses arquivos talvez estejam disponíveis em:


Símbolo da análise: 
Verificando novamente se há uma solução: 0
ID do Relatório: 1152ab51-8eab-4db0-a9ff-b2bea2746d2a
Status do Relatório: 268435456
Bucket com hash: abd9c830eff1a5845dd54a64952988a2Guid do CAB: 0
+++ WER6 +++:
Falha no bucket 1676559265710489830, tipo 5
Nome do Evento: StoreAgentScanForUpdatesFailure0
Resposta: Não disponível
ID do CAB: 0

Assinatura do problema:
P1: Update;
P2: 8024001e
P3: 22000
P4: 978
P5: Windows.Desktop
P6: 
P7: 
P8: 
P9: 
P10: 

Arquivos anexados:
\\?\C:\ProgramData\Microsoft\Windows\WER\Temp\WER.34566b1b-da4f-43aa-b9a1-6f636fa80218.tmp.WERInternalMetadata.xml
\\?\C:\ProgramData\Microsoft\Windows\WER\Temp\WER.f1bd48f3-ab19-4685-a645-e768674cd26c.tmp.xml
\\?\C:\ProgramData\Microsoft\Windows\WER\Temp\WER.0f9d0805-509d-4c85-a231-cbbef3415536.tmp.csv
\\?\C:\ProgramData\Microsoft\Windows\WER\Temp\WER.e1f8082d-75a3-4eea-b5df-00018cebc618.tmp.txt

Esses arquivos talvez estejam disponíveis em:
\\?\C:\ProgramData\Microsoft\Windows\WER\ReportArchive\NonCritical_Update;_a24e8dddc8ba4640bba0ac55f21d869f0d1de48_00000000_63fbdf28-f901-4c71-b388-46d2a8d73862

Símbolo da análise: 
Verificando novamente se há uma solução: 0
ID do Relatório: 63fbdf28-f901-4c71-b388-46d2a8d73862
Status do Relatório: 268435456
Bucket com hash: d2e9f9aac38a4795174455c4f59040e6Guid do CAB: 0
+++ WER7 +++:
Falha no bucket , tipo 0
Nome do Evento: StoreAgentScanForUpdatesFailure0
Resposta: Não disponível
ID do CAB: 0

Assinatura do problema:
P1: Update;
P2: 8024001e
P3: 22000
P4: 978
P5: Windows.Desktop
P6: 
P7: 
P8: 
P9: 
P10: 

Arquivos anexados:
\\?\C:\ProgramData\Microsoft\Windows\WER\Temp\WER.34566b1b-da4f-43aa-b9a1-6f636fa80218.tmp.WERInternalMetadata.xml
\\?\C:\ProgramData\Microsoft\Windows\WER\Temp\WER.f1bd48f3-ab19-4685-a645-e768674cd26c.tmp.xml
\\?\C:\ProgramData\Microsoft\Windows\WER\Temp\WER.0f9d0805-509d-4c85-a231-cbbef3415536.tmp.csv
\\?\C:\ProgramData\Microsoft\Windows\WER\Temp\WER.e1f8082d-75a3-4eea-b5df-00018cebc618.tmp.txt

Esses arquivos talvez estejam disponíveis em:
\\?\C:\ProgramData\Microsoft\Windows\WER\ReportQueue\NonCritical_Update;_a24e8dddc8ba4640bba0ac55f21d869f0d1de48_00000000_cab_63fbdf28-f901-4c71-b388-46d2a8d73862

Símbolo da análise: 
Verificando novamente se há uma solução: 0
ID do Relatório: 63fbdf28-f901-4c71-b388-46d2a8d73862
Status do Relatório: 4
Bucket com hash: Guid do CAB: 0
+++ WER8 +++:
Falha no bucket 1797057366332998643, tipo 5
Nome do Evento: StoreAgentInstallFailure1
Resposta: Não disponível
ID do CAB: 0

Assinatura do problema:
P1: Update;ScanForUpdatesForUser
P2: 80073d02
P3: 22000
P4: 978
P5: Windows.Desktop
P6: P
P7: 
P8: 
P9: 
P10: 

Arquivos anexados:
\\?\C:\Windows\Temp\FailureReportMetadata_19207.txt
\\?\C:\ProgramData\Microsoft\Windows\WER\Temp\WER.5ff3822b-16a3-466b-9a46-847fc3b9969d.tmp.WERInternalMetadata.xml
\\?\C:\ProgramData\Microsoft\Windows\WER\Temp\WER.70c2c9e8-b260-43e9-974c-e94e1e28a31d.tmp.xml
\\?\C:\ProgramData\Microsoft\Windows\WER\Temp\WER.10c9b498-9d65-400a-84bd-9f7aaa9c5538.tmp.csv
\\?\C:\ProgramData\Microsoft\Windows\WER\Temp\WER.c10682c4-3526-47e0-9b18-b7d563d96654.tmp.txt

Esses arquivos talvez estejam disponíveis em:
\\?\C:\ProgramData\Microsoft\Windows\WER\ReportArchive\NonCritical_Update;ScanForUp_fd46dae11e4e8f564d7f81da9c1c31ffbf4eb_00000000_7827ecab-60db-44d3-8615-95ef354e6bb8

Símbolo da análise: 
Verificando novamente se há uma solução: 0
ID do Relatório: 7827ecab-60db-44d3-8615-95ef354e6bb8
Status do Relatório: 268435456
Bucket com hash: 3522949a894754c588f06e27494703f3Guid do CAB: 0
+++ WER9 +++:
Falha no bucket , tipo 0
Nome do Evento: StoreAgentInstallFailure1
Resposta: Não disponível



ID do CAB: 0

Assinatura do problema:
P1: Update;ScanForUpdatesForUser
P2: 80073d02
P3: 22000
P4: 978
P5: Windows.Desktop
P6: P
P7: 
P8: 
P9: 
P10: 

Arquivos anexados:
\\?\C:\Windows\Temp\FailureReportMetadata_19207.txt
\\?\C:\ProgramData\Microsoft\Windows\WER\Temp\WER.5ff3822b-16a3-466b-9a46-847fc3b9969d.tmp.WERInternalMetadata.xml
\\?\C:\ProgramData\Microsoft\Windows\WER\Temp\WER.70c2c9e8-b260-43e9-974c-e94e1e28a31d.tmp.xml
\\?\C:\ProgramData\Microsoft\Windows\WER\Temp\WER.10c9b498-9d65-400a-84bd-9f7aaa9c5538.tmp.csv
\\?\C:\ProgramData\Microsoft\Windows\WER\Temp\WER.c10682c4-3526-47e0-9b18-b7d563d96654.tmp.txt

Esses arquivos talvez estejam disponíveis em:
\\?\C:\ProgramData\Microsoft\Windows\WER\ReportQueue\NonCritical_Update;ScanForUp_fd46dae11e4e8f564d7f81da9c1c31ffbf4eb_00000000_cab_7827ecab-60db-44d3-8615-95ef354e6bb8

Símbolo da análise: 
Verificando novamente se há uma solução: 0
ID do Relatório: 7827ecab-60db-44d3-8615-95ef354e6bb8
Status do Relatório: 4
Bucket com hash: Guid do CAB: 0

[2022-10-04 19:26:41.845] [DISPLAY] [Workr] [downloadprogress] Dl: D|143717264|19|5|0|0
[2022-10-04 19:26:41.862] [DISPLAY] [Workr] [titleupdater] Launcher needs to restart to be made up-to-date.
[2022-10-04 19:26:41.862] [DISPLAY] [Workr] [titleupdater] Installing prerequisites for title launcher
[2022-10-04 19:26:41.863] [WARNING] [Workr] [preqmanager] Prerequisite not found: C:\Program Files\Rockstar Games\Launcher\Redistributables\SocialClub\Social-Club-Setup.exe
[2022-10-04 19:26:41.964] [DISPLAY] [Workr] [titleupdater] Update of Rockstar Games Launcher succeeded; needs restart to complete.
[2022-10-04 19:26:42.194] [DISPLAY] [Workr] [selfupdate] Applying downloaded self-update...
[2022-10-04 19:26:42.194] [DISPLAY] [Workr] [fileutils] Unable to get file version info size for C:\Program Files\Rockstar Games\Launcher\Launcher.exe.swap
[2022-10-04 19:26:42.194] [DISPLAY] [Workr] [title] Swap file for Rockstar Games Launcher not found during self update in C:\Program Files\Rockstar Games\Launcher\Launcher.exe.swap
[2022-10-04 19:26:42.194] [DISPLAY] [Workr] [fileutils] Unable to get file version info size for C:\Program Files\Rockstar Games\Launcher\Launcher.exe.swap
[2022-10-04 19:26:42.194] [DISPLAY] [Workr] [title] Updated version [mv] for title Rockstar Games Launcher : 1.0.64.990
[2022-10-04 19:26:42.305] [DISPLAY] [Workr] [fileutils] Unable to get file version info size for C:\Program Files\Rockstar Games\Launcher\Launcher.exe.swap
[2022-10-04 19:26:42.306] [DISPLAY] [Workr] [title] Swap file for Rockstar Games Launcher not found during self update in C:\Program Files\Rockstar Games\Launcher\Launcher.exe.swap
[2022-10-04 19:26:42.306] [DISPLAY] [Workr] [fileutils] Unable to get file version info size for C:\Program Files\Rockstar Games\Launcher\Launcher.exe.swap
[2022-10-04 19:26:42.306] [DISPLAY] [Workr] [title] Updated version [mv] for title Rockstar Games Launcher : 1.0.64.990
[2022-10-04 19:26:42.307] [DISPLAY] [Workr] [selfupdate] Self-update applied, need to restart.
[2022-10-04 19:26:42.308] [DISPLAY] [Workr] [launcher] Restarting to apply self-update...
[2022-10-04 19:26:42.308] [DISPLAY] [Workr] [lifecycle] Setting to restart after exit.
[2022-10-04 19:26:42.317] [DISPLAY] [Main ] [launcher] StartShutdown - Now in progress
[2022-10-04 19:26:42.505] [DISPLAY] [Main ] [app] Application quit requested (exit code: 0)
